model6,Mu1_OG3,Alpha1_OG3,Mu2_OG3,Alpha2_OG3,Mu3_OG3,Alpha3_OG3,initial,bounds,rmse,bic,original_file,note1,note2,Category
model6,45,18,22.27,12.77,34,8.92933,"1, ,, 1, ,, 1, ,, 1, ,, 1, ,, 1","-1000,-1000,-1000,-1000,-1000,-1000, 1000,1000,1000,10000,1000,10000",0.275,-84.109,sample1,Publication link,Experimental details,Vasculature
model6,48,11,26.36,8.98,51,8.27826,"1, ,, 1, ,, 1, ,, 1, ,, 1, ,, 1","-1000,-1000,-1000,-1000,-1000,-1000, 1000,1000,1000,10000,1000,10000",0.14,-83.77,sample1,Publication link,Experimental details,Vasculature
model6,1,10,24.26,8.57,25,8.46933,"1, ,, 1, ,, 1, ,, 1, ,, 1, ,, 1","-1000,-1000,-1000,-1000,-1000,-1000, 1000,1000,1000,10000,1000,10000",0.049,-195.457,sample1,Publication link,Experimental details,Vasculature
model6,4,13,10.03,8.59,53,12.20452,"1, ,, 1, ,, 1, ,, 1, ,, 1, ,, 1","-1000,-1000,-1000,-1000,-1000,-1000, 1000,1000,1000,10000,1000,10000",0.035,-138.958,sample1,Publication link,Experimental details,Vasculature
model6,4,14,22.3,1.13,56,17.74978,"1, ,, 1, ,, 1, ,, 1, ,, 1, ,, 1","-1000,-1000,-1000,-1000,-1000,-1000, 1000,1000,1000,10000,1000,10000",0.279,-193.324,sample1,Publication link,Experimental details,Vasculature
model6,40,7,10.19,1.69,58,18.65226,"1, ,, 1, ,, 1, ,, 1, ,, 1, ,, 1","-1000,-1000,-1000,-1000,-1000,-1000, 1000,1000,1000,10000,1000,10000",0.467,-162.824,sample1,Publication link,Experimental details,Vasculature
model6,10,7,36.05,17.06,11,2.01706,"1, ,, 1, ,, 1, ,, 1, ,, 1, ,, 1","-1000,-1000,-1000,-1000,-1000,-1000, 1000,1000,1000,10000,1000,10000",0.729,-171.068,sample1,Publication link,Experimental details,Vasculature
model6,20,8,26.63,14.06,30,4.45083,"1, ,, 1, ,, 1, ,, 1, ,, 1, ,, 1","-1000,-1000,-1000,-1000,-1000,-1000, 1000,1000,1000,10000,1000,10000",0.48,-167.723,sample1,Publication link,Experimental details,Vasculature
model6,22,9,16.71,4.99,48,3.13226,"1, ,, 1, ,, 1, ,, 1, ,, 1, ,, 1","-1000,-1000,-1000,-1000,-1000,-1000, 1000,1000,1000,10000,1000,10000",0.905,-149.132,sample1,Publication link,Experimental details,Vasculature
model6,37,14,1.15,2.8,57,4.67336,"1, ,, 1, ,, 1, ,, 1, ,, 1, ,, 1","-1000,-1000,-1000,-1000,-1000,-1000, 1000,1000,1000,10000,1000,10000",0.045,-158.387,sample1,Publication link,Experimental details,Vasculature
model6,24,8,30.27,1.29,29,7.58555,"1, ,, 1, ,, 1, ,, 1, ,, 1, ,, 1","-1000,-1000,-1000,-1000,-1000,-1000, 1000,1000,1000,10000,1000,10000",0.189,-55.658,sample1,Publication link,Experimental details,Vasculature
model6,7,17,32.8,9.85,25,10.6241,"1, ,, 1, ,, 1, ,, 1, ,, 1, ,, 1","-1000,-1000,-1000,-1000,-1000,-1000, 1000,1000,1000,10000,1000,10000",0.345,-147.139,sample1,Publication link,Experimental details,Vasculature
model6,25,16,1.25,11.97,4,12.95976,"1, ,, 1, ,, 1, ,, 1, ,, 1, ,, 1","-1000,-1000,-1000,-1000,-1000,-1000, 1000,1000,1000,10000,1000,10000",0.582,-65.874,sample1,Publication link,Experimental details,Vasculature
model6,25,9,48.54,18.01,19,14.9107,"1, ,, 1, ,, 1, ,, 1, ,, 1, ,, 1","-1000,-1000,-1000,-1000,-1000,-1000, 1000,1000,1000,10000,1000,10000",0.854,-172.844,sample1,Publication link,Experimental details,Vasculature
model6,13,4,33.53,18.45,22,17.91212,"1, ,, 1, ,, 1, ,, 1, ,, 1, ,, 1","-1000,-1000,-1000,-1000,-1000,-1000, 1000,1000,1000,10000,1000,10000",0.357,-85.438,sample1,Publication link,Experimental details,Vasculature
model6,2,7,15.36,7.64,7,19.79268,"1, ,, 1, ,, 1, ,, 1, ,, 1, ,, 1","-1000,-1000,-1000,-1000,-1000,-1000, 1000,1000,1000,10000,1000,10000",0.275,-190.798,sample1,Publication link,Experimental details,Vasculature
model6,39,18,10.82,18.65,21,13.59427,"1, ,, 1, ,, 1, ,, 1, ,, 1, ,, 1","-1000,-1000,-1000,-1000,-1000,-1000, 1000,1000,1000,10000,1000,10000",0.071,-130.586,sample1,Publication link,Experimental details,Vasculature
model6,40,8,46.36,11.14,22,17.06193,"1, ,, 1, ,, 1, ,, 1, ,, 1, ,, 1","-1000,-1000,-1000,-1000,-1000,-1000, 1000,1000,1000,10000,1000,10000",0.823,-199.173,sample1,Publication link,Experimental details,Vasculature
model6,24,3,16.15,11.69,56,15.78274,"1, ,, 1, ,, 1, ,, 1, ,, 1, ,, 1","-1000,-1000,-1000,-1000,-1000,-1000, 1000,1000,1000,10000,1000,10000",0.386,-78.456,sample1,Publication link,Experimental details,Vasculature
model6,47,17,20.76,3.98,28,6.84311,"1, ,, 1, ,, 1, ,, 1, ,, 1, ,, 1","-1000,-1000,-1000,-1000,-1000,-1000, 1000,1000,1000,10000,1000,10000",0.576,-57.427,sample1,Publication link,Experimental details,Vasculature
model6,25,19,32.02,2.76,27,17.63815,"1, ,, 1, ,, 1, ,, 1, ,, 1, ,, 1","-1000,-1000,-1000,-1000,-1000,-1000, 1000,1000,1000,10000,1000,10000",0.984,-194.734,sample1,Publication link,Experimental details,Vasculature
model6,18,14,44.64,5.27,26,1.8125,"1, ,, 1, ,, 1, ,, 1, ,, 1, ,, 1","-1000,-1000,-1000,-1000,-1000,-1000, 1000,1000,1000,10000,1000,10000",0.012,-59.923,sample1,Publication link,Experimental details,Vasculature
model6,38,5,22.2,2.92,1,1.00698,"1, ,, 1, ,, 1, ,, 1, ,, 1, ,, 1","-1000,-1000,-1000,-1000,-1000,-1000, 1000,1000,1000,10000,1000,10000",0.154,-83.922,sample1,Publication link,Experimental details,Vasculature
model6,26,5,46.48,4.85,47,6.20092,"1, ,, 1, ,, 1, ,, 1, ,, 1, ,, 1","-1000,-1000,-1000,-1000,-1000,-1000, 1000,1000,1000,10000,1000,10000",0.781,-146.171,sample1,Publication link,Experimental details,Musculoskeletal
model6,14,13,30.01,11.03,4,9.77985,"1, ,, 1, ,, 1, ,, 1, ,, 1, ,, 1","-1000,-1000,-1000,-1000,-1000,-1000, 1000,1000,1000,10000,1000,10000",0.807,-63.669,sample1,Publication link,Experimental details,Musculoskeletal
model6,9,18,22.16,17.43,54,13.1289,"1, ,, 1, ,, 1, ,, 1, ,, 1, ,, 1","-1000,-1000,-1000,-1000,-1000,-1000, 1000,1000,1000,10000,1000,10000",0.772,-155.561,sample1,Publication link,Experimental details,Musculoskeletal
model6,10,2,30.05,16,38,2.93364,"1, ,, 1, ,, 1, ,, 1, ,, 1, ,, 1","-1000,-1000,-1000,-1000,-1000,-1000, 1000,1000,1000,10000,1000,10000",0.542,-138.606,sample1,Publication link,Experimental details,Musculoskeletal
model6,21,6,18.37,1.13,8,13.78719,"1, ,, 1, ,, 1, ,, 1, ,, 1, ,, 1","-1000,-1000,-1000,-1000,-1000,-1000, 1000,1000,1000,10000,1000,10000",0.979,-185.493,sample1,Publication link,Experimental details,Musculoskeletal
model6,17,2,33.19,14.12,57,16.2345,"1, ,, 1, ,, 1, ,, 1, ,, 1, ,, 1","-1000,-1000,-1000,-1000,-1000,-1000, 1000,1000,1000,10000,1000,10000",0.402,-101.459,sample1,Publication link,Experimental details,Musculoskeletal
model6,6,8,32.96,1.41,17,4.52095,"1, ,, 1, ,, 1, ,, 1, ,, 1, ,, 1","-1000,-1000,-1000,-1000,-1000,-1000, 1000,1000,1000,10000,1000,10000",0.606,-195.56,sample1,Publication link,Experimental details,Musculoskeletal
model6,16,10,41.26,19.96,12,8.88738,"1, ,, 1, ,, 1, ,, 1, ,, 1, ,, 1","-1000,-1000,-1000,-1000,-1000,-1000, 1000,1000,1000,10000,1000,10000",0.073,-127.264,sample1,Publication link,Experimental details,Musculoskeletal
model6,48,18,20.74,15.79,12,10.87971,"1, ,, 1, ,, 1, ,, 1, ,, 1, ,, 1","-1000,-1000,-1000,-1000,-1000,-1000, 1000,1000,1000,10000,1000,10000",0.416,-97.521,sample1,Publication link,Experimental details,Musculoskeletal
model6,1,10,2.84,5.01,45,9.58433,"1, ,, 1, ,, 1, ,, 1, ,, 1, ,, 1","-1000,-1000,-1000,-1000,-1000,-1000, 1000,1000,1000,10000,1000,10000",0.725,-76.814,sample1,Publication link,Experimental details,Musculoskeletal
model6,19,1,49.25,10.06,3,16.19677,"1, ,, 1, ,, 1, ,, 1, ,, 1, ,, 1","-1000,-1000,-1000,-1000,-1000,-1000, 1000,1000,1000,10000,1000,10000",0.246,-177.509,sample1,Publication link,Experimental details,Musculoskeletal
model6,36,5,22.96,15.01,55,19.24993,"1, ,, 1, ,, 1, ,, 1, ,, 1, ,, 1","-1000,-1000,-1000,-1000,-1000,-1000, 1000,1000,1000,10000,1000,10000",0.944,-86.886,sample1,Publication link,Experimental details,Musculoskeletal
model6,25,18,46.94,16.88,6,16.18011,"1, ,, 1, ,, 1, ,, 1, ,, 1, ,, 1","-1000,-1000,-1000,-1000,-1000,-1000, 1000,1000,1000,10000,1000,10000",0.69,-92.138,sample1,Publication link,Experimental details,Musculoskeletal
model6,30,17,33.93,4.96,18,2.48186,"1, ,, 1, ,, 1, ,, 1, ,, 1, ,, 1","-1000,-1000,-1000,-1000,-1000,-1000, 1000,1000,1000,10000,1000,10000",0.295,-116.064,sample1,Publication link,Experimental details,Musculoskeletal
model6,20,4,14.07,3.11,59,16.29378,"1, ,, 1, ,, 1, ,, 1, ,, 1, ,, 1","-1000,-1000,-1000,-1000,-1000,-1000, 1000,1000,1000,10000,1000,10000",0.771,-112.303,sample1,Publication link,Experimental details,Musculoskeletal
model6,20,11,28.64,18.66,15,2.26533,"1, ,, 1, ,, 1, ,, 1, ,, 1, ,, 1","-1000,-1000,-1000,-1000,-1000,-1000, 1000,1000,1000,10000,1000,10000",0.092,-186.309,sample1,Publication link,Experimental details,Musculoskeletal
model6,15,2,47.89,13.58,6,5.48344,"1, ,, 1, ,, 1, ,, 1, ,, 1, ,, 1","-1000,-1000,-1000,-1000,-1000,-1000, 1000,1000,1000,10000,1000,10000",0.975,-109.929,sample1,Publication link,Experimental details,Musculoskeletal
model6,40,5,6.56,17.59,15,3.90884,"1, ,, 1, ,, 1, ,, 1, ,, 1, ,, 1","-1000,-1000,-1000,-1000,-1000,-1000, 1000,1000,1000,10000,1000,10000",0.059,-142.772,sample1,Publication link,Experimental details,Musculoskeletal
model6,33,5,14.34,5.03,18,4.75286,"1, ,, 1, ,, 1, ,, 1, ,, 1, ,, 1","-1000,-1000,-1000,-1000,-1000,-1000, 1000,1000,1000,10000,1000,10000",0.934,-69.863,sample1,Publication link,Experimental details,Musculoskeletal
model6,2,17,5.02,3.01,42,11.03799,"1, ,, 1, ,, 1, ,, 1, ,, 1, ,, 1","-1000,-1000,-1000,-1000,-1000,-1000, 1000,1000,1000,10000,1000,10000",0.26,-153.035,sample1,Publication link,Experimental details,Musculoskeletal
model6,10,17,38.5,7.33,47,13.76211,"1, ,, 1, ,, 1, ,, 1, ,, 1, ,, 1","-1000,-1000,-1000,-1000,-1000,-1000, 1000,1000,1000,10000,1000,10000",0.76,-113.511,sample1,Publication link,Experimental details,Brain
model6,33,16,2.06,5.43,45,9.9361,"1, ,, 1, ,, 1, ,, 1, ,, 1, ,, 1","-1000,-1000,-1000,-1000,-1000,-1000, 1000,1000,1000,10000,1000,10000",0.01,-136.014,sample1,Publication link,Experimental details,Brain
model6,32,11,7.73,1.92,31,19.23422,"1, ,, 1, ,, 1, ,, 1, ,, 1, ,, 1","-1000,-1000,-1000,-1000,-1000,-1000, 1000,1000,1000,10000,1000,10000",0.262,-68.561,sample1,Publication link,Experimental details,Brain
model6,11,14,13.77,13.07,35,5.56555,"1, ,, 1, ,, 1, ,, 1, ,, 1, ,, 1","-1000,-1000,-1000,-1000,-1000,-1000, 1000,1000,1000,10000,1000,10000",0.752,-161.912,sample1,Publication link,Experimental details,Brain
model6,24,9,43.68,5.4,4,15.49966,"1, ,, 1, ,, 1, ,, 1, ,, 1, ,, 1","-1000,-1000,-1000,-1000,-1000,-1000, 1000,1000,1000,10000,1000,10000",0.537,-188.18,sample1,Publication link,Experimental details,Brain
model6,36,12,9.79,9.28,1,17.53346,"1, ,, 1, ,, 1, ,, 1, ,, 1, ,, 1","-1000,-1000,-1000,-1000,-1000,-1000, 1000,1000,1000,10000,1000,10000",0.124,-87.702,sample1,Publication link,Experimental details,Brain
model6,12,7,22.23,6.12,30,11.67926,"1, ,, 1, ,, 1, ,, 1, ,, 1, ,, 1","-1000,-1000,-1000,-1000,-1000,-1000, 1000,1000,1000,10000,1000,10000",0.4,-138.066,sample1,Publication link,Experimental details,Brain
model6,29,10,16.93,18.46,45,9.66823,"1, ,, 1, ,, 1, ,, 1, ,, 1, ,, 1","-1000,-1000,-1000,-1000,-1000,-1000, 1000,1000,1000,10000,1000,10000",0.382,-111.635,sample1,Publication link,Experimental details,Brain
model6,35,16,29.59,9.28,45,12.3275,"1, ,, 1, ,, 1, ,, 1, ,, 1, ,, 1","-1000,-1000,-1000,-1000,-1000,-1000, 1000,1000,1000,10000,1000,10000",0.572,-196.042,sample1,Publication link,Experimental details,Brain
model6,1,4,46.89,17.66,45,9.14739,"1, ,, 1, ,, 1, ,, 1, ,, 1, ,, 1","-1000,-1000,-1000,-1000,-1000,-1000, 1000,1000,1000,10000,1000,10000",0.671,-57.184,sample1,Publication link,Experimental details,Brain
model6,1,13,47.1,1.36,52,11.54868,"1, ,, 1, ,, 1, ,, 1, ,, 1, ,, 1","-1000,-1000,-1000,-1000,-1000,-1000, 1000,1000,1000,10000,1000,10000",0.842,-68.357,sample1,Publication link,Experimental details,Brain
model6,37,19,3.57,10.95,1,8.92175,"1, ,, 1, ,, 1, ,, 1, ,, 1, ,, 1","-1000,-1000,-1000,-1000,-1000,-1000, 1000,1000,1000,10000,1000,10000",0.502,-106.42,sample1,Publication link,Experimental details,Brain
model6,6,18,30.21,9.33,18,8.60892,"1, ,, 1, ,, 1, ,, 1, ,, 1, ,, 1","-1000,-1000,-1000,-1000,-1000,-1000, 1000,1000,1000,10000,1000,10000",0.398,-197.446,sample1,Publication link,Experimental details,Brain
model6,39,11,44.7,6.86,30,14.21158,"1, ,, 1, ,, 1, ,, 1, ,, 1, ,, 1","-1000,-1000,-1000,-1000,-1000,-1000, 1000,1000,1000,10000,1000,10000",0.153,-143.304,sample1,Publication link,Experimental details,Brain
model6,41,3,39.27,6.35,28,2.76417,"1, ,, 1, ,, 1, ,, 1, ,, 1, ,, 1","-1000,-1000,-1000,-1000,-1000,-1000, 1000,1000,1000,10000,1000,10000",0.807,-53.181,sample1,Publication link,Experimental details,Brain
model6,18,2,11.37,5.7,35,4.1643,"1, ,, 1, ,, 1, ,, 1, ,, 1, ,, 1","-1000,-1000,-1000,-1000,-1000,-1000, 1000,1000,1000,10000,1000,10000",0.716,-97.8,sample1,Publication link,Experimental details,Brain
model6,16,12,38.48,4.39,51,17.17277,"1, ,, 1, ,, 1, ,, 1, ,, 1, ,, 1","-1000,-1000,-1000,-1000,-1000,-1000, 1000,1000,1000,10000,1000,10000",0.415,-175.852,sample1,Publication link,Experimental details,Brain
model6,5,4,10.26,10.11,52,15.65047,"1, ,, 1, ,, 1, ,, 1, ,, 1, ,, 1","-1000,-1000,-1000,-1000,-1000,-1000, 1000,1000,1000,10000,1000,10000",0.523,-130.91,sample1,Publication link,Experimental details,Brain
model6,42,13,45.04,7.23,37,6.34762,"1, ,, 1, ,, 1, ,, 1, ,, 1, ,, 1","-1000,-1000,-1000,-1000,-1000,-1000, 1000,1000,1000,10000,1000,10000",0.669,-54.989,sample1,Publication link,Experimental details,Brain
model6,43,5,1.44,6.95,22,8.16811,"1, ,, 1, ,, 1, ,, 1, ,, 1, ,, 1","-1000,-1000,-1000,-1000,-1000,-1000, 1000,1000,1000,10000,1000,10000",0.173,-119.794,sample1,Publication link,Experimental details,Brain
model6,32,2,5.42,1.79,31,18.5945,"1, ,, 1, ,, 1, ,, 1, ,, 1, ,, 1","-1000,-1000,-1000,-1000,-1000,-1000, 1000,1000,1000,10000,1000,10000",0.037,-196.308,sample1,Publication link,Experimental details,Brain
model6,2,18,31.34,0.77,57,16.54347,"1, ,, 1, ,, 1, ,, 1, ,, 1, ,, 1","-1000,-1000,-1000,-1000,-1000,-1000, 1000,1000,1000,10000,1000,10000",0.324,-107.034,sample1,Publication link,Experimental details,Brain
model6,2,1,19.74,18.28,38,12.67258,"1, ,, 1, ,, 1, ,, 1, ,, 1, ,, 1","-1000,-1000,-1000,-1000,-1000,-1000, 1000,1000,1000,10000,1000,10000",0.6,-159.318,sample1,Publication link,Experimental details,Brain
model6,40,8,5.73,8.57,18,5.20831,"1, ,, 1, ,, 1, ,, 1, ,, 1, ,, 1","-1000,-1000,-1000,-1000,-1000,-1000, 1000,1000,1000,10000,1000,10000",0.492,-185.173,sample1,Publication link,Experimental details,Brain
model6,42,5,49.26,13.7,39,1.84079,"1, ,, 1, ,, 1, ,, 1, ,, 1, ,, 1","-1000,-1000,-1000,-1000,-1000,-1000, 1000,1000,1000,10000,1000,10000",0.696,-139.564,sample1,Publication link,Experimental details,Brain
model6,36,4,44.93,9.32,16,9.1939,"1, ,, 1, ,, 1, ,, 1, ,, 1, ,, 1","-1000,-1000,-1000,-1000,-1000,-1000, 1000,1000,1000,10000,1000,10000",0.821,-116.222,sample1,Publication link,Experimental details,Brain
model6,39,6,14.28,4.41,2,13.77992,"1, ,, 1, ,, 1, ,, 1, ,, 1, ,, 1","-1000,-1000,-1000,-1000,-1000,-1000, 1000,1000,1000,10000,1000,10000",0.494,-197.444,sample1,Publication link,Experimental details,Brain
model6,12,7,24.19,18.62,16,16.74113,"1, ,, 1, ,, 1, ,, 1, ,, 1, ,, 1","-1000,-1000,-1000,-1000,-1000,-1000, 1000,1000,1000,10000,1000,10000",0.143,-116.143,sample1,Publication link,Experimental details,Brain
model6,47,4,24.51,2.89,42,17.20109,"1, ,, 1, ,, 1, ,, 1, ,, 1, ,, 1","-1000,-1000,-1000,-1000,-1000,-1000, 1000,1000,1000,10000,1000,10000",0.852,-123.32,sample1,Publication link,Experimental details,Brain
model6,19,3,25.91,9.89,23,1.62274,"1, ,, 1, ,, 1, ,, 1, ,, 1, ,, 1","-1000,-1000,-1000,-1000,-1000,-1000, 1000,1000,1000,10000,1000,10000",0.579,-80.914,sample1,Publication link,Experimental details,Brain
model6,28,9,48.4,2.29,46,5.63898,"1, ,, 1, ,, 1, ,, 1, ,, 1, ,, 1","-1000,-1000,-1000,-1000,-1000,-1000, 1000,1000,1000,10000,1000,10000",0.743,-136.468,sample1,Publication link,Experimental details,Brain
model6,1,2,5.9,4.97,18,7.4428,"1, ,, 1, ,, 1, ,, 1, ,, 1, ,, 1","-1000,-1000,-1000,-1000,-1000,-1000, 1000,1000,1000,10000,1000,10000",0.708,-116.982,sample1,Publication link,Experimental details,Brain
model6,15,5,2.94,13.87,45,4.58591,"1, ,, 1, ,, 1, ,, 1, ,, 1, ,, 1","-1000,-1000,-1000,-1000,-1000,-1000, 1000,1000,1000,10000,1000,10000",0.969,-88.699,sample1,Publication link,Experimental details,Brain
model6,36,1,24.7,10.77,54,16.25653,"1, ,, 1, ,, 1, ,, 1, ,, 1, ,, 1","-1000,-1000,-1000,-1000,-1000,-1000, 1000,1000,1000,10000,1000,10000",0.302,-65.428,sample1,Publication link,Experimental details,Brain
model6,13,14,23.45,11.23,23,15.58185,"1, ,, 1, ,, 1, ,, 1, ,, 1, ,, 1","-1000,-1000,-1000,-1000,-1000,-1000, 1000,1000,1000,10000,1000,10000",0.708,-142.995,sample1,Publication link,Experimental details,Brain
model6,43,10,12.53,16.73,14,10.81983,"1, ,, 1, ,, 1, ,, 1, ,, 1, ,, 1","-1000,-1000,-1000,-1000,-1000,-1000, 1000,1000,1000,10000,1000,10000",0.372,-109.755,sample1,Publication link,Experimental details,Brain
model6,21,6,3.88,1.69,51,19.6756,"1, ,, 1, ,, 1, ,, 1, ,, 1, ,, 1","-1000,-1000,-1000,-1000,-1000,-1000, 1000,1000,1000,10000,1000,10000",0.401,-95.808,sample1,Publication link,Experimental details,Brain
model6,12,2,7.07,18.14,48,3.73711,"1, ,, 1, ,, 1, ,, 1, ,, 1, ,, 1","-1000,-1000,-1000,-1000,-1000,-1000, 1000,1000,1000,10000,1000,10000",0.238,-193.509,sample1,Publication link,Experimental details,Brain
model6,5,8,42.98,13.2,3,18.09338,"1, ,, 1, ,, 1, ,, 1, ,, 1, ,, 1","-1000,-1000,-1000,-1000,-1000,-1000, 1000,1000,1000,10000,1000,10000",0.351,-79.886,sample1,Publication link,Experimental details,Brain
model6,7,9,20.58,13,12,3.2128,"1, ,, 1, ,, 1, ,, 1, ,, 1, ,, 1","-1000,-1000,-1000,-1000,-1000,-1000, 1000,1000,1000,10000,1000,10000",0.949,-143.385,sample1,Publication link,Experimental details,Brain
model6,5,8,19.69,1.09,10,4.10045,"1, ,, 1, ,, 1, ,, 1, ,, 1, ,, 1","-1000,-1000,-1000,-1000,-1000,-1000, 1000,1000,1000,10000,1000,10000",0.3,-99.464,sample1,Publication link,Experimental details,Brain
model6,48,4,2.08,18.25,51,14.22816,"1, ,, 1, ,, 1, ,, 1, ,, 1, ,, 1","-1000,-1000,-1000,-1000,-1000,-1000, 1000,1000,1000,10000,1000,10000",0.254,-129.25,sample1,Publication link,Experimental details,Brain
model6,4,13,19.36,1.05,41,3.08182,"1, ,, 1, ,, 1, ,, 1, ,, 1, ,, 1","-1000,-1000,-1000,-1000,-1000,-1000, 1000,1000,1000,10000,1000,10000",0.587,-94.649,sample1,Publication link,Experimental details,Brain
model6,13,4,33.42,4.12,55,11.75106,"1, ,, 1, ,, 1, ,, 1, ,, 1, ,, 1","-1000,-1000,-1000,-1000,-1000,-1000, 1000,1000,1000,10000,1000,10000",0.265,-91.35,sample1,Publication link,Experimental details,Brain
model6,37,7,31.64,17.97,52,8.98444,"1, ,, 1, ,, 1, ,, 1, ,, 1, ,, 1","-1000,-1000,-1000,-1000,-1000,-1000, 1000,1000,1000,10000,1000,10000",0.479,-171.264,sample1,Publication link,Experimental details,Vasculature
model6,41,8,45.79,2.97,48,14.84101,"1, ,, 1, ,, 1, ,, 1, ,, 1, ,, 1","-1000,-1000,-1000,-1000,-1000,-1000, 1000,1000,1000,10000,1000,10000",0.836,-100.674,sample1,Publication link,Experimental details,Vasculature
model6,15,1,33.92,8.26,5,18.11283,"1, ,, 1, ,, 1, ,, 1, ,, 1, ,, 1","-1000,-1000,-1000,-1000,-1000,-1000, 1000,1000,1000,10000,1000,10000",0.238,-72.301,sample1,Publication link,Experimental details,Vasculature
model6,16,6,16.88,15.32,11,15.62756,"1, ,, 1, ,, 1, ,, 1, ,, 1, ,, 1","-1000,-1000,-1000,-1000,-1000,-1000, 1000,1000,1000,10000,1000,10000",0.432,-164.665,sample1,Publication link,Experimental details,Vasculature
model6,21,12,16.49,11.48,50,17.14411,"1, ,, 1, ,, 1, ,, 1, ,, 1, ,, 1","-1000,-1000,-1000,-1000,-1000,-1000, 1000,1000,1000,10000,1000,10000",0.614,-86.272,sample1,Publication link,Experimental details,Vasculature
model6,36,10,41.83,14.74,7,1.62596,"1, ,, 1, ,, 1, ,, 1, ,, 1, ,, 1","-1000,-1000,-1000,-1000,-1000,-1000, 1000,1000,1000,10000,1000,10000",0.55,-104.926,sample1,Publication link,Experimental details,Vasculature
model6,24,8,39.01,4.26,55,6.89371,"1, ,, 1, ,, 1, ,, 1, ,, 1, ,, 1","-1000,-1000,-1000,-1000,-1000,-1000, 1000,1000,1000,10000,1000,10000",0.975,-56.731,sample1,Publication link,Experimental details,Vasculature
model6,16,6,14.78,8.54,45,10.79323,"1, ,, 1, ,, 1, ,, 1, ,, 1, ,, 1","-1000,-1000,-1000,-1000,-1000,-1000, 1000,1000,1000,10000,1000,10000",0.684,-160.963,sample1,Publication link,Experimental details,Vasculature
model6,14,9,35.98,10.22,9,8.90311,"1, ,, 1, ,, 1, ,, 1, ,, 1, ,, 1","-1000,-1000,-1000,-1000,-1000,-1000, 1000,1000,1000,10000,1000,10000",0.743,-176.858,sample1,Publication link,Experimental details,Vasculature
model6,22,12,28.52,5.25,9,5.39384,"1, ,, 1, ,, 1, ,, 1, ,, 1, ,, 1","-1000,-1000,-1000,-1000,-1000,-1000, 1000,1000,1000,10000,1000,10000",0.967,-153.182,sample1,Publication link,Experimental details,Vasculature
model6,49,15,20.58,19.96,9,6.84961,"1, ,, 1, ,, 1, ,, 1, ,, 1, ,, 1","-1000,-1000,-1000,-1000,-1000,-1000, 1000,1000,1000,10000,1000,10000",0.42,-161.306,sample1,Publication link,Experimental details,Vasculature
model6,6,1,27.01,13.59,45,18.96319,"1, ,, 1, ,, 1, ,, 1, ,, 1, ,, 1","-1000,-1000,-1000,-1000,-1000,-1000, 1000,1000,1000,10000,1000,10000",0.362,-86.475,sample1,Publication link,Experimental details,Musculoskeletal
model6,42,9,5.18,17.73,38,6.58944,"1, ,, 1, ,, 1, ,, 1, ,, 1, ,, 1","-1000,-1000,-1000,-1000,-1000,-1000, 1000,1000,1000,10000,1000,10000",0.053,-90.034,sample1,Publication link,Experimental details,Musculoskeletal
model6,36,7,33.62,8.16,19,7.72418,"1, ,, 1, ,, 1, ,, 1, ,, 1, ,, 1","-1000,-1000,-1000,-1000,-1000,-1000, 1000,1000,1000,10000,1000,10000",0.192,-99.547,sample1,Publication link,Experimental details,Musculoskeletal
model6,1,11,2.45,18.53,3,1.07049,"1, ,, 1, ,, 1, ,, 1, ,, 1, ,, 1","-1000,-1000,-1000,-1000,-1000,-1000, 1000,1000,1000,10000,1000,10000",0.245,-167.543,sample1,Publication link,Experimental details,Musculoskeletal
model6,32,3,44.58,5.41,6,17.05647,"1, ,, 1, ,, 1, ,, 1, ,, 1, ,, 1","-1000,-1000,-1000,-1000,-1000,-1000, 1000,1000,1000,10000,1000,10000",0.192,-70.729,sample1,Publication link,Experimental details,Musculoskeletal
model6,6,1,34.42,3.58,30,3.94197,"1, ,, 1, ,, 1, ,, 1, ,, 1, ,, 1","-1000,-1000,-1000,-1000,-1000,-1000, 1000,1000,1000,10000,1000,10000",0.757,-56.514,sample1,Publication link,Experimental details,Musculoskeletal
model6,31,15,44.67,15.84,58,4.87874,"1, ,, 1, ,, 1, ,, 1, ,, 1, ,, 1","-1000,-1000,-1000,-1000,-1000,-1000, 1000,1000,1000,10000,1000,10000",0.541,-120.259,sample1,Publication link,Experimental details,Musculoskeletal
model6,1,1,1.06,19.47,38,5.85003,"1, ,, 1, ,, 1, ,, 1, ,, 1, ,, 1","-1000,-1000,-1000,-1000,-1000,-1000, 1000,1000,1000,10000,1000,10000",0.671,-102.594,sample1,Publication link,Experimental details,Musculoskeletal
model6,37,7,46.92,1.71,37,17.80782,"1, ,, 1, ,, 1, ,, 1, ,, 1, ,, 1","-1000,-1000,-1000,-1000,-1000,-1000, 1000,1000,1000,10000,1000,10000",0.822,-124.896,sample1,Publication link,Experimental details,Musculoskeletal
model6,35,2,47.96,2.45,43,4.92258,"1, ,, 1, ,, 1, ,, 1, ,, 1, ,, 1","-1000,-1000,-1000,-1000,-1000,-1000, 1000,1000,1000,10000,1000,10000",0.238,-157.466,sample1,Publication link,Experimental details,Musculoskeletal
model6,49,13,40.02,6.7,30,16.153,"1, ,, 1, ,, 1, ,, 1, ,, 1, ,, 1","-1000,-1000,-1000,-1000,-1000,-1000, 1000,1000,1000,10000,1000,10000",0.333,-157.078,sample1,Publication link,Experimental details,Musculoskeletal
model6,30,19,49.61,10.76,28,16.35294,"1, ,, 1, ,, 1, ,, 1, ,, 1, ,, 1","-1000,-1000,-1000,-1000,-1000,-1000, 1000,1000,1000,10000,1000,10000",0.711,-152.987,sample1,Publication link,Experimental details,Musculoskeletal
model6,4,14,18.41,14.23,18,18.61339,"1, ,, 1, ,, 1, ,, 1, ,, 1, ,, 1","-1000,-1000,-1000,-1000,-1000,-1000, 1000,1000,1000,10000,1000,10000",0.399,-171.372,sample1,Publication link,Experimental details,Musculoskeletal
model6,35,10,42.57,19.13,59,3.19566,"1, ,, 1, ,, 1, ,, 1, ,, 1, ,, 1","-1000,-1000,-1000,-1000,-1000,-1000, 1000,1000,1000,10000,1000,10000",0.039,-64.711,sample1,Publication link,Experimental details,Musculoskeletal
model6,43,5,38.76,2.8,12,5.1283,"1, ,, 1, ,, 1, ,, 1, ,, 1, ,, 1","-1000,-1000,-1000,-1000,-1000,-1000, 1000,1000,1000,10000,1000,10000",0.441,-71.24,sample1,Publication link,Experimental details,Musculoskeletal
model6,14,18,36.31,7.45,50,15.11507,"1, ,, 1, ,, 1, ,, 1, ,, 1, ,, 1","-1000,-1000,-1000,-1000,-1000,-1000, 1000,1000,1000,10000,1000,10000",0.909,-130.754,sample1,Publication link,Experimental details,Musculoskeletal
model6,49,4,32.04,5.69,9,4.72401,"1, ,, 1, ,, 1, ,, 1, ,, 1, ,, 1","-1000,-1000,-1000,-1000,-1000,-1000, 1000,1000,1000,10000,1000,10000",0.415,-144.912,sample1,Publication link,Experimental details,Musculoskeletal
model6,40,3,16.06,16.24,25,6.44026,"1, ,, 1, ,, 1, ,, 1, ,, 1, ,, 1","-1000,-1000,-1000,-1000,-1000,-1000, 1000,1000,1000,10000,1000,10000",0.339,-59.138,sample1,Publication link,Experimental details,Musculoskeletal
model6,22,14,27.33,3.69,4,4.16809,"1, ,, 1, ,, 1, ,, 1, ,, 1, ,, 1","-1000,-1000,-1000,-1000,-1000,-1000, 1000,1000,1000,10000,1000,10000",0.99,-166.644,sample1,Publication link,Experimental details,Musculoskeletal
model6,10,16,14.45,17.6,49,4.28124,"1, ,, 1, ,, 1, ,, 1, ,, 1, ,, 1","-1000,-1000,-1000,-1000,-1000,-1000, 1000,1000,1000,10000,1000,10000",0.648,-116.969,sample1,Publication link,Experimental details,Musculoskeletal
model6,1,5,1.43,15.59,12,10.14951,"1, ,, 1, ,, 1, ,, 1, ,, 1, ,, 1","-1000,-1000,-1000,-1000,-1000,-1000, 1000,1000,1000,10000,1000,10000",0.372,-191.825,sample1,Publication link,Experimental details,Musculoskeletal
model6,11,10,2.22,17.73,58,3.08398,"1, ,, 1, ,, 1, ,, 1, ,, 1, ,, 1","-1000,-1000,-1000,-1000,-1000,-1000, 1000,1000,1000,10000,1000,10000",0.111,-171.32,sample1,Publication link,Experimental details,Musculoskeletal
model6,44,5,8.07,19.4,51,7.11225,"1, ,, 1, ,, 1, ,, 1, ,, 1, ,, 1","-1000,-1000,-1000,-1000,-1000,-1000, 1000,1000,1000,10000,1000,10000",0.79,-109.396,sample1,Publication link,Experimental details,Musculoskeletal
model6,24,18,26.17,11.68,16,9.10528,"1, ,, 1, ,, 1, ,, 1, ,, 1, ,, 1","-1000,-1000,-1000,-1000,-1000,-1000, 1000,1000,1000,10000,1000,10000",0.711,-100.672,sample1,Publication link,Experimental details,Musculoskeletal
model6,3,19,11.91,9.44,58,1.46641,"1, ,, 1, ,, 1, ,, 1, ,, 1, ,, 1","-1000,-1000,-1000,-1000,-1000,-1000, 1000,1000,1000,10000,1000,10000",0.923,-112.851,sample1,Publication link,Experimental details,Musculoskeletal
model6,35,14,19.1,9.96,4,8.37833,"1, ,, 1, ,, 1, ,, 1, ,, 1, ,, 1","-1000,-1000,-1000,-1000,-1000,-1000, 1000,1000,1000,10000,1000,10000",0.225,-69.56,sample1,Publication link,Experimental details,Musculoskeletal
model6,36,14,3.7,17.96,55,2.78833,"1, ,, 1, ,, 1, ,, 1, ,, 1, ,, 1","-1000,-1000,-1000,-1000,-1000,-1000, 1000,1000,1000,10000,1000,10000",0.124,-50.989,sample1,Publication link,Experimental details,Musculoskeletal
model6,31,3,45.65,4.57,37,10.37799,"1, ,, 1, ,, 1, ,, 1, ,, 1, ,, 1","-1000,-1000,-1000,-1000,-1000,-1000, 1000,1000,1000,10000,1000,10000",0.727,-85.421,sample1,Publication link,Experimental details,Musculoskeletal
model6,4,4,44.36,7.82,40,16.68903,"1, ,, 1, ,, 1, ,, 1, ,, 1, ,, 1","-1000,-1000,-1000,-1000,-1000,-1000, 1000,1000,1000,10000,1000,10000",0.211,-130.236,sample1,Publication link,Experimental details,Musculoskeletal
model6,19,10,44.97,13,22,16.55002,"1, ,, 1, ,, 1, ,, 1, ,, 1, ,, 1","-1000,-1000,-1000,-1000,-1000,-1000, 1000,1000,1000,10000,1000,10000",0.184,-74.91,sample1,Publication link,Experimental details,Musculoskeletal
model6,47,13,17.28,14.46,30,2.52852,"1, ,, 1, ,, 1, ,, 1, ,, 1, ,, 1","-1000,-1000,-1000,-1000,-1000,-1000, 1000,1000,1000,10000,1000,10000",0.327,-181.942,sample1,Publication link,Experimental details,Musculoskeletal
model6,36,16,35.93,1.6,54,12.42333,"1, ,, 1, ,, 1, ,, 1, ,, 1, ,, 1","-1000,-1000,-1000,-1000,-1000,-1000, 1000,1000,1000,10000,1000,10000",0.819,-97.509,sample1,Publication link,Experimental details,Musculoskeletal
model6,21,3,21.92,19.57,4,16.85714,"1, ,, 1, ,, 1, ,, 1, ,, 1, ,, 1","-1000,-1000,-1000,-1000,-1000,-1000, 1000,1000,1000,10000,1000,10000",0.544,-122.249,sample1,Publication link,Experimental details,Musculoskeletal
model6,18,7,15.78,6.96,57,5.52148,"1, ,, 1, ,, 1, ,, 1, ,, 1, ,, 1","-1000,-1000,-1000,-1000,-1000,-1000, 1000,1000,1000,10000,1000,10000",0.055,-173.29,sample1,Publication link,Experimental details,Musculoskeletal
model6,28,15,4.45,4.52,12,15.4766,"1, ,, 1, ,, 1, ,, 1, ,, 1, ,, 1","-1000,-1000,-1000,-1000,-1000,-1000, 1000,1000,1000,10000,1000,10000",0.469,-54.06,sample1,Publication link,Experimental details,Musculoskeletal
model6,15,17,21.67,6.49,56,17.92452,"1, ,, 1, ,, 1, ,, 1, ,, 1, ,, 1","-1000,-1000,-1000,-1000,-1000,-1000, 1000,1000,1000,10000,1000,10000",0.687,-149.234,sample1,Publication link,Experimental details,Musculoskeletal
model6,42,16,20.03,19.7,16,16.31636,"1, ,, 1, ,, 1, ,, 1, ,, 1, ,, 1","-1000,-1000,-1000,-1000,-1000,-1000, 1000,1000,1000,10000,1000,10000",0.543,-107.686,sample1,Publication link,Experimental details,Musculoskeletal
model6,2,9,8.86,13.54,46,3.03872,"1, ,, 1, ,, 1, ,, 1, ,, 1, ,, 1","-1000,-1000,-1000,-1000,-1000,-1000, 1000,1000,1000,10000,1000,10000",0.577,-68.211,sample1,Publication link,Experimental details,Musculoskeletal
model6,37,1,18.16,5.28,27,1.17214,"1, ,, 1, ,, 1, ,, 1, ,, 1, ,, 1","-1000,-1000,-1000,-1000,-1000,-1000, 1000,1000,1000,10000,1000,10000",0.233,-123.997,sample1,Publication link,Experimental details,Musculoskeletal
model6,11,11,5.69,4.42,16,4.64276,"1, ,, 1, ,, 1, ,, 1, ,, 1, ,, 1","-1000,-1000,-1000,-1000,-1000,-1000, 1000,1000,1000,10000,1000,10000",0.849,-182.729,sample1,Publication link,Experimental details,Musculoskeletal
model6,23,12,43.68,1.96,34,6.13907,"1, ,, 1, ,, 1, ,, 1, ,, 1, ,, 1","-1000,-1000,-1000,-1000,-1000,-1000, 1000,1000,1000,10000,1000,10000",0.566,-77.189,sample1,Publication link,Experimental details,Musculoskeletal
model6,44,14,33.71,7.58,12,12.70748,"1, ,, 1, ,, 1, ,, 1, ,, 1, ,, 1","-1000,-1000,-1000,-1000,-1000,-1000, 1000,1000,1000,10000,1000,10000",0.716,-147.018,sample1,Publication link,Experimental details,Musculoskeletal
model6,41,8,10.44,16.56,56,8.30119,"1, ,, 1, ,, 1, ,, 1, ,, 1, ,, 1","-1000,-1000,-1000,-1000,-1000,-1000, 1000,1000,1000,10000,1000,10000",0.982,-52.54,sample1,Publication link,Experimental details,Musculoskeletal
model6,12,7,45.99,5.87,6,14.36473,"1, ,, 1, ,, 1, ,, 1, ,, 1, ,, 1","-1000,-1000,-1000,-1000,-1000,-1000, 1000,1000,1000,10000,1000,10000",0.434,-67.426,sample1,Publication link,Experimental details,Musculoskeletal
model6,3,14,29.4,7.69,31,7.70842,"1, ,, 1, ,, 1, ,, 1, ,, 1, ,, 1","-1000,-1000,-1000,-1000,-1000,-1000, 1000,1000,1000,10000,1000,10000",0.882,-71.983,sample1,Publication link,Experimental details,Musculoskeletal
model6,17,16,23.34,15.35,59,3.93408,"1, ,, 1, ,, 1, ,, 1, ,, 1, ,, 1","-1000,-1000,-1000,-1000,-1000,-1000, 1000,1000,1000,10000,1000,10000",0.017,-146.562,sample1,Publication link,Experimental details,Musculoskeletal
model6,33,10,32.48,14.07,5,6.94111,"1, ,, 1, ,, 1, ,, 1, ,, 1, ,, 1","-1000,-1000,-1000,-1000,-1000,-1000, 1000,1000,1000,10000,1000,10000",0.043,-86.431,sample1,Publication link,Experimental details,Musculoskeletal
model6,1,7,13.45,8.54,33,17.80216,"1, ,, 1, ,, 1, ,, 1, ,, 1, ,, 1","-1000,-1000,-1000,-1000,-1000,-1000, 1000,1000,1000,10000,1000,10000",0.594,-52.051,sample1,Publication link,Experimental details,Musculoskeletal
model6,39,12,28,3.7,38,19.21211,"1, ,, 1, ,, 1, ,, 1, ,, 1, ,, 1","-1000,-1000,-1000,-1000,-1000,-1000, 1000,1000,1000,10000,1000,10000",0.318,-121.052,sample1,Publication link,Experimental details,Musculoskeletal
model6,20,19,7.46,17.93,44,4.94274,"1, ,, 1, ,, 1, ,, 1, ,, 1, ,, 1","-1000,-1000,-1000,-1000,-1000,-1000, 1000,1000,1000,10000,1000,10000",0.256,-129.39,sample1,Publication link,Experimental details,Musculoskeletal
model6,47,8,10.83,11.71,46,15.9809,"1, ,, 1, ,, 1, ,, 1, ,, 1, ,, 1","-1000,-1000,-1000,-1000,-1000,-1000, 1000,1000,1000,10000,1000,10000",0.285,-197.8,sample1,Publication link,Experimental details,Musculoskeletal
model6,43,2,26.19,5.51,30,6.19363,"1, ,, 1, ,, 1, ,, 1, ,, 1, ,, 1","-1000,-1000,-1000,-1000,-1000,-1000, 1000,1000,1000,10000,1000,10000",0.325,-94.969,sample1,Publication link,Experimental details,Musculoskeletal
model6,41,10,5.78,5.12,59,17.8555,"1, ,, 1, ,, 1, ,, 1, ,, 1, ,, 1","-1000,-1000,-1000,-1000,-1000,-1000, 1000,1000,1000,10000,1000,10000",0.732,-71.228,sample1,Publication link,Experimental details,Musculoskeletal
model6,14,3,42.74,9.24,28,4.14537,"1, ,, 1, ,, 1, ,, 1, ,, 1, ,, 1","-1000,-1000,-1000,-1000,-1000,-1000, 1000,1000,1000,10000,1000,10000",0.574,-162.881,sample1,Publication link,Experimental details,Musculoskeletal
model6,31,19,20.38,8.36,40,13.65324,"1, ,, 1, ,, 1, ,, 1, ,, 1, ,, 1","-1000,-1000,-1000,-1000,-1000,-1000, 1000,1000,1000,10000,1000,10000",0.791,-152.746,sample1,Publication link,Experimental details,Musculoskeletal
model6,25,15,12.42,1.84,28,2.60001,"1, ,, 1, ,, 1, ,, 1, ,, 1, ,, 1","-1000,-1000,-1000,-1000,-1000,-1000, 1000,1000,1000,10000,1000,10000",0.832,-124.898,sample1,Publication link,Experimental details,Musculoskeletal
model6,3,6,29.69,18.89,30,19.50397,"1, ,, 1, ,, 1, ,, 1, ,, 1, ,, 1","-1000,-1000,-1000,-1000,-1000,-1000, 1000,1000,1000,10000,1000,10000",0.845,-189.188,sample1,Publication link,Experimental details,Musculoskeletal
model6,4,5,37.59,15.85,9,14.31203,"1, ,, 1, ,, 1, ,, 1, ,, 1, ,, 1","-1000,-1000,-1000,-1000,-1000,-1000, 1000,1000,1000,10000,1000,10000",0.42,-186.554,sample1,Publication link,Experimental details,Musculoskeletal
model6,31,19,30.84,10.18,12,16.9945,"1, ,, 1, ,, 1, ,, 1, ,, 1, ,, 1","-1000,-1000,-1000,-1000,-1000,-1000, 1000,1000,1000,10000,1000,10000",0.427,-136.833,sample1,Publication link,Experimental details,Musculoskeletal
model6,35,15,29.37,6.87,34,11.76672,"1, ,, 1, ,, 1, ,, 1, ,, 1, ,, 1","-1000,-1000,-1000,-1000,-1000,-1000, 1000,1000,1000,10000,1000,10000",0.927,-160.817,sample1,Publication link,Experimental details,Musculoskeletal
model6,44,19,9.33,4.04,15,10.05923,"1, ,, 1, ,, 1, ,, 1, ,, 1, ,, 1","-1000,-1000,-1000,-1000,-1000,-1000, 1000,1000,1000,10000,1000,10000",0.665,-139.094,sample1,Publication link,Experimental details,Musculoskeletal
model6,14,2,34.63,3.74,39,12.81577,"1, ,, 1, ,, 1, ,, 1, ,, 1, ,, 1","-1000,-1000,-1000,-1000,-1000,-1000, 1000,1000,1000,10000,1000,10000",0.09,-131.842,sample1,Publication link,Experimental details,Musculoskeletal
model6,49,13,48.86,5.19,12,11.04609,"1, ,, 1, ,, 1, ,, 1, ,, 1, ,, 1","-1000,-1000,-1000,-1000,-1000,-1000, 1000,1000,1000,10000,1000,10000",0.547,-53.559,sample1,Publication link,Experimental details,Musculoskeletal
model6,41,1,30.82,4.8,11,9.9183,"1, ,, 1, ,, 1, ,, 1, ,, 1, ,, 1","-1000,-1000,-1000,-1000,-1000,-1000, 1000,1000,1000,10000,1000,10000",0.362,-58.361,sample1,Publication link,Experimental details,Musculoskeletal
model6,9,10,17.09,14.34,55,15.42955,"1, ,, 1, ,, 1, ,, 1, ,, 1, ,, 1","-1000,-1000,-1000,-1000,-1000,-1000, 1000,1000,1000,10000,1000,10000",0.988,-179.04,sample1,Publication link,Experimental details,Musculoskeletal
model6,20,17,40.33,15.51,26,4.38582,"1, ,, 1, ,, 1, ,, 1, ,, 1, ,, 1","-1000,-1000,-1000,-1000,-1000,-1000, 1000,1000,1000,10000,1000,10000",0.024,-67.612,sample1,Publication link,Experimental details,Musculoskeletal
model6,32,3,41.98,7.59,33,4.25227,"1, ,, 1, ,, 1, ,, 1, ,, 1, ,, 1","-1000,-1000,-1000,-1000,-1000,-1000, 1000,1000,1000,10000,1000,10000",0.616,-187.969,sample1,Publication link,Experimental details,Musculoskeletal
model6,9,9,21.35,3.61,51,9.20501,"1, ,, 1, ,, 1, ,, 1, ,, 1, ,, 1","-1000,-1000,-1000,-1000,-1000,-1000, 1000,1000,1000,10000,1000,10000",0.726,-123.855,sample1,Publication link,Experimental details,Musculoskeletal
model6,27,11,21.36,13.07,41,7.09421,"1, ,, 1, ,, 1, ,, 1, ,, 1, ,, 1","-1000,-1000,-1000,-1000,-1000,-1000, 1000,1000,1000,10000,1000,10000",0.296,-175.414,sample1,Publication link,Experimental details,Musculoskeletal
model6,3,17,46.89,6.99,7,2.40837,"1, ,, 1, ,, 1, ,, 1, ,, 1, ,, 1","-1000,-1000,-1000,-1000,-1000,-1000, 1000,1000,1000,10000,1000,10000",0.974,-145.116,sample1,Publication link,Experimental details,Musculoskeletal
model6,4,2,36.39,18.68,31,17.04494,"1, ,, 1, ,, 1, ,, 1, ,, 1, ,, 1","-1000,-1000,-1000,-1000,-1000,-1000, 1000,1000,1000,10000,1000,10000",0.861,-88.499,sample1,Publication link,Experimental details,Musculoskeletal
model6,45,1,2.61,15.88,23,15.66045,"1, ,, 1, ,, 1, ,, 1, ,, 1, ,, 1","-1000,-1000,-1000,-1000,-1000,-1000, 1000,1000,1000,10000,1000,10000",0.916,-136.324,sample1,Publication link,Experimental details,Other
model6,15,6,21.87,19.76,12,11.33451,"1, ,, 1, ,, 1, ,, 1, ,, 1, ,, 1","-1000,-1000,-1000,-1000,-1000,-1000, 1000,1000,1000,10000,1000,10000",0.029,-78.957,sample1,Publication link,Experimental details,Other
model6,33,3,5.6,17.8,36,19.60717,"1, ,, 1, ,, 1, ,, 1, ,, 1, ,, 1","-1000,-1000,-1000,-1000,-1000,-1000, 1000,1000,1000,10000,1000,10000",0.574,-92.178,sample1,Publication link,Experimental details,Other
model6,5,16,48.95,0.6,21,2.3794,"1, ,, 1, ,, 1, ,, 1, ,, 1, ,, 1","-1000,-1000,-1000,-1000,-1000,-1000, 1000,1000,1000,10000,1000,10000",0.302,-58.574,sample1,Publication link,Experimental details,Other
model6,4,4,29.19,1.68,5,15.56672,"1, ,, 1, ,, 1, ,, 1, ,, 1, ,, 1","-1000,-1000,-1000,-1000,-1000,-1000, 1000,1000,1000,10000,1000,10000",0.851,-119.877,sample1,Publication link,Experimental details,Other
model6,46,15,32.54,18.01,5,6.06104,"1, ,, 1, ,, 1, ,, 1, ,, 1, ,, 1","-1000,-1000,-1000,-1000,-1000,-1000, 1000,1000,1000,10000,1000,10000",0.637,-79.678,sample1,Publication link,Experimental details,Other
model6,12,6,18.86,2.82,50,8.00338,"1, ,, 1, ,, 1, ,, 1, ,, 1, ,, 1","-1000,-1000,-1000,-1000,-1000,-1000, 1000,1000,1000,10000,1000,10000",0.543,-151.564,sample1,Publication link,Experimental details,Other
model6,23,12,33.72,12.11,53,5.16631,"1, ,, 1, ,, 1, ,, 1, ,, 1, ,, 1","-1000,-1000,-1000,-1000,-1000,-1000, 1000,1000,1000,10000,1000,10000",0.123,-148.138,sample1,Publication link,Experimental details,Other
model6,14,7,29.02,7.42,30,15.99172,"1, ,, 1, ,, 1, ,, 1, ,, 1, ,, 1","-1000,-1000,-1000,-1000,-1000,-1000, 1000,1000,1000,10000,1000,10000",0.545,-139.923,sample1,Publication link,Experimental details,Other
model6,46,7,38.96,1.16,28,3.74056,"1, ,, 1, ,, 1, ,, 1, ,, 1, ,, 1","-1000,-1000,-1000,-1000,-1000,-1000, 1000,1000,1000,10000,1000,10000",0.636,-138.363,sample1,Publication link,Experimental details,Other
model6,12,7,45.11,2.12,48,16.96032,"1, ,, 1, ,, 1, ,, 1, ,, 1, ,, 1","-1000,-1000,-1000,-1000,-1000,-1000, 1000,1000,1000,10000,1000,10000",0.956,-184.512,sample1,Publication link,Experimental details,Other
model6,17,3,20.81,15.43,20,13.56998,"1, ,, 1, ,, 1, ,, 1, ,, 1, ,, 1","-1000,-1000,-1000,-1000,-1000,-1000, 1000,1000,1000,10000,1000,10000",0.589,-122.135,sample1,Publication link,Experimental details,Other
model6,25,7,44.87,16.93,41,2.12144,"1, ,, 1, ,, 1, ,, 1, ,, 1, ,, 1","-1000,-1000,-1000,-1000,-1000,-1000, 1000,1000,1000,10000,1000,10000",0.968,-185.48,sample1,Publication link,Experimental details,Other
model6,30,6,4.19,7.58,27,16.40865,"1, ,, 1, ,, 1, ,, 1, ,, 1, ,, 1","-1000,-1000,-1000,-1000,-1000,-1000, 1000,1000,1000,10000,1000,10000",0.962,-66.536,sample1,Publication link,Experimental details,Other
model6,22,6,34.59,5.31,27,12.92736,"1, ,, 1, ,, 1, ,, 1, ,, 1, ,, 1","-1000,-1000,-1000,-1000,-1000,-1000, 1000,1000,1000,10000,1000,10000",0.654,-190.723,sample1,Publication link,Experimental details,Other
model6,47,14,12.32,10.13,10,18.19466,"1, ,, 1, ,, 1, ,, 1, ,, 1, ,, 1","-1000,-1000,-1000,-1000,-1000,-1000, 1000,1000,1000,10000,1000,10000",0.511,-132.546,sample1,Publication link,Experimental details,Other
model6,26,10,27.4,3.47,51,15.22572,"1, ,, 1, ,, 1, ,, 1, ,, 1, ,, 1","-1000,-1000,-1000,-1000,-1000,-1000, 1000,1000,1000,10000,1000,10000",0.471,-157.296,sample1,Publication link,Experimental details,Other
model6,17,5,38.88,12.53,32,11.6613,"1, ,, 1, ,, 1, ,, 1, ,, 1, ,, 1","-1000,-1000,-1000,-1000,-1000,-1000, 1000,1000,1000,10000,1000,10000",0.891,-176.77,sample1,Publication link,Experimental details,Other
model6,20,14,37.58,14.92,31,16.8944,"1, ,, 1, ,, 1, ,, 1, ,, 1, ,, 1","-1000,-1000,-1000,-1000,-1000,-1000, 1000,1000,1000,10000,1000,10000",0.038,-82.424,sample1,Publication link,Experimental details,Other
model6,34,18,36.35,14.23,18,6.28295,"1, ,, 1, ,, 1, ,, 1, ,, 1, ,, 1","-1000,-1000,-1000,-1000,-1000,-1000, 1000,1000,1000,10000,1000,10000",0.123,-92.76,sample1,Publication link,Experimental details,Other
model6,41,4,24.66,18.68,8,11.39205,"1, ,, 1, ,, 1, ,, 1, ,, 1, ,, 1","-1000,-1000,-1000,-1000,-1000,-1000, 1000,1000,1000,10000,1000,10000",0.111,-178.108,sample1,Publication link,Experimental details,Other
model6,33,14,10.51,12.23,57,6.57872,"1, ,, 1, ,, 1, ,, 1, ,, 1, ,, 1","-1000,-1000,-1000,-1000,-1000,-1000, 1000,1000,1000,10000,1000,10000",0.759,-105.085,sample1,Publication link,Experimental details,Other
model6,37,9,11.07,12.11,52,19.39588,"1, ,, 1, ,, 1, ,, 1, ,, 1, ,, 1","-1000,-1000,-1000,-1000,-1000,-1000, 1000,1000,1000,10000,1000,10000",0.346,-81.117,sample1,Publication link,Experimental details,Other
model6,7,14,27.24,14.87,36,5.29773,"1, ,, 1, ,, 1, ,, 1, ,, 1, ,, 1","-1000,-1000,-1000,-1000,-1000,-1000, 1000,1000,1000,10000,1000,10000",0.642,-84,sample1,Publication link,Experimental details,Other
model6,22,6,22.45,14.65,10,1.29903,"1, ,, 1, ,, 1, ,, 1, ,, 1, ,, 1","-1000,-1000,-1000,-1000,-1000,-1000, 1000,1000,1000,10000,1000,10000",0.608,-186.158,sample1,Publication link,Experimental details,Other
model6,32,17,48.77,5.94,29,7.19124,"1, ,, 1, ,, 1, ,, 1, ,, 1, ,, 1","-1000,-1000,-1000,-1000,-1000,-1000, 1000,1000,1000,10000,1000,10000",0.392,-97.173,sample1,Publication link,Experimental details,Other
model6,14,15,15.74,16.05,48,10.54768,"1, ,, 1, ,, 1, ,, 1, ,, 1, ,, 1","-1000,-1000,-1000,-1000,-1000,-1000, 1000,1000,1000,10000,1000,10000",0.536,-92.596,sample1,Publication link,Experimental details,Other
model6,8,6,4.87,18.14,49,1.5389,"1, ,, 1, ,, 1, ,, 1, ,, 1, ,, 1","-1000,-1000,-1000,-1000,-1000,-1000, 1000,1000,1000,10000,1000,10000",0.649,-70.675,sample1,Publication link,Experimental details,Other
model6,25,2,36.62,15.7,56,11.62572,"1, ,, 1, ,, 1, ,, 1, ,, 1, ,, 1","-1000,-1000,-1000,-1000,-1000,-1000, 1000,1000,1000,10000,1000,10000",0.942,-123.793,sample1,Publication link,Experimental details,Other
model6,16,6,48.8,17.06,8,17.61137,"1, ,, 1, ,, 1, ,, 1, ,, 1, ,, 1","-1000,-1000,-1000,-1000,-1000,-1000, 1000,1000,1000,10000,1000,10000",0.58,-130.836,sample1,Publication link,Experimental details,Other
model6,42,7,39.32,17.05,54,14.38991,"1, ,, 1, ,, 1, ,, 1, ,, 1, ,, 1","-1000,-1000,-1000,-1000,-1000,-1000, 1000,1000,1000,10000,1000,10000",0.618,-55.233,sample1,Publication link,Experimental details,Other
model6,19,13,13.11,5.33,4,12.8364,"1, ,, 1, ,, 1, ,, 1, ,, 1, ,, 1","-1000,-1000,-1000,-1000,-1000,-1000, 1000,1000,1000,10000,1000,10000",0.077,-80.523,sample1,Publication link,Experimental details,Other
model6,41,11,2.79,16.63,8,19.16327,"1, ,, 1, ,, 1, ,, 1, ,, 1, ,, 1","-1000,-1000,-1000,-1000,-1000,-1000, 1000,1000,1000,10000,1000,10000",0.953,-116.19,sample1,Publication link,Experimental details,Other
model6,16,15,20.94,14.52,9,19.20731,"1, ,, 1, ,, 1, ,, 1, ,, 1, ,, 1","-1000,-1000,-1000,-1000,-1000,-1000, 1000,1000,1000,10000,1000,10000",0.533,-150.407,sample1,Publication link,Experimental details,Other
model6,12,9,44.01,6.81,38,16.66106,"1, ,, 1, ,, 1, ,, 1, ,, 1, ,, 1","-1000,-1000,-1000,-1000,-1000,-1000, 1000,1000,1000,10000,1000,10000",0.803,-73.214,sample1,Publication link,Experimental details,Other
model6,39,8,22.17,13.66,6,12.5471,"1, ,, 1, ,, 1, ,, 1, ,, 1, ,, 1","-1000,-1000,-1000,-1000,-1000,-1000, 1000,1000,1000,10000,1000,10000",0.06,-131.685,sample1,Publication link,Experimental details,Other
model6,48,14,14.92,13.63,34,10.26753,"1, ,, 1, ,, 1, ,, 1, ,, 1, ,, 1","-1000,-1000,-1000,-1000,-1000,-1000, 1000,1000,1000,10000,1000,10000",0.427,-186.097,sample1,Publication link,Experimental details,Other
model6,30,6,46.83,16.15,56,1.25301,"1, ,, 1, ,, 1, ,, 1, ,, 1, ,, 1","-1000,-1000,-1000,-1000,-1000,-1000, 1000,1000,1000,10000,1000,10000",0.264,-131.764,sample1,Publication link,Experimental details,Other
model6,2,16,38.84,0.5,29,12.51898,"1, ,, 1, ,, 1, ,, 1, ,, 1, ,, 1","-1000,-1000,-1000,-1000,-1000,-1000, 1000,1000,1000,10000,1000,10000",0.274,-69.205,sample1,Publication link,Experimental details,Other
model6,32,11,30.94,13.12,47,19.79267,"1, ,, 1, ,, 1, ,, 1, ,, 1, ,, 1","-1000,-1000,-1000,-1000,-1000,-1000, 1000,1000,1000,10000,1000,10000",0.794,-132.758,sample1,Publication link,Experimental details,Other
model6,45,4,1.13,13.62,39,16.54392,"1, ,, 1, ,, 1, ,, 1, ,, 1, ,, 1","-1000,-1000,-1000,-1000,-1000,-1000, 1000,1000,1000,10000,1000,10000",0.628,-197.848,sample1,Publication link,Experimental details,Other
model6,25,11,46.64,11.76,50,7.47149,"1, ,, 1, ,, 1, ,, 1, ,, 1, ,, 1","-1000,-1000,-1000,-1000,-1000,-1000, 1000,1000,1000,10000,1000,10000",0.445,-108.277,sample1,Publication link,Experimental details,Other
model6,25,19,34.02,15.66,9,3.88889,"1, ,, 1, ,, 1, ,, 1, ,, 1, ,, 1","-1000,-1000,-1000,-1000,-1000,-1000, 1000,1000,1000,10000,1000,10000",0.02,-50.625,sample1,Publication link,Experimental details,Other
model6,4,4,12,3.3,59,15.89711,"1, ,, 1, ,, 1, ,, 1, ,, 1, ,, 1","-1000,-1000,-1000,-1000,-1000,-1000, 1000,1000,1000,10000,1000,10000",0.965,-77.413,sample1,Publication link,Experimental details,Other
model6,19,15,2.21,6.38,2,15.13482,"1, ,, 1, ,, 1, ,, 1, ,, 1, ,, 1","-1000,-1000,-1000,-1000,-1000,-1000, 1000,1000,1000,10000,1000,10000",0.962,-107.414,sample1,Publication link,Experimental details,Other
model6,48,19,1.37,15.24,3,19.37389,"1, ,, 1, ,, 1, ,, 1, ,, 1, ,, 1","-1000,-1000,-1000,-1000,-1000,-1000, 1000,1000,1000,10000,1000,10000",0.225,-62.84,sample1,Publication link,Experimental details,Other
model6,4,6,46.44,7.19,17,17.622,"1, ,, 1, ,, 1, ,, 1, ,, 1, ,, 1","-1000,-1000,-1000,-1000,-1000,-1000, 1000,1000,1000,10000,1000,10000",0.051,-77.963,sample1,Publication link,Experimental details,Other
model6,43,5,34.96,12.27,3,11.55759,"1, ,, 1, ,, 1, ,, 1, ,, 1, ,, 1","-1000,-1000,-1000,-1000,-1000,-1000, 1000,1000,1000,10000,1000,10000",0.535,-125.204,sample1,Publication link,Experimental details,Other
model6,13,18,35.55,12.62,12,2.9244,"1, ,, 1, ,, 1, ,, 1, ,, 1, ,, 1","-1000,-1000,-1000,-1000,-1000,-1000, 1000,1000,1000,10000,1000,10000",0.952,-111.317,sample1,Publication link,Experimental details,Other
model6,39,6,30.21,6.32,32,10.18651,"1, ,, 1, ,, 1, ,, 1, ,, 1, ,, 1","-1000,-1000,-1000,-1000,-1000,-1000, 1000,1000,1000,10000,1000,10000",0.911,-90.306,sample1,Publication link,Experimental details,Other
model6,36,4,27.32,9.49,11,6.96021,"1, ,, 1, ,, 1, ,, 1, ,, 1, ,, 1","-1000,-1000,-1000,-1000,-1000,-1000, 1000,1000,1000,10000,1000,10000",0.589,-73.036,sample1,Publication link,Experimental details,Other
model6,23,6,23.32,13.85,21,10.73576,"1, ,, 1, ,, 1, ,, 1, ,, 1, ,, 1","-1000,-1000,-1000,-1000,-1000,-1000, 1000,1000,1000,10000,1000,10000",0.311,-191.274,sample1,Publication link,Experimental details,Other
model6,6,9,30.41,15.59,37,6.73233,"1, ,, 1, ,, 1, ,, 1, ,, 1, ,, 1","-1000,-1000,-1000,-1000,-1000,-1000, 1000,1000,1000,10000,1000,10000",0.337,-83.779,sample1,Publication link,Experimental details,Other
model6,24,5,33.05,13.12,15,17.37464,"1, ,, 1, ,, 1, ,, 1, ,, 1, ,, 1","-1000,-1000,-1000,-1000,-1000,-1000, 1000,1000,1000,10000,1000,10000",0.899,-132.874,sample1,Publication link,Experimental details,Other
model6,44,18,19.28,8.02,57,17.04221,"1, ,, 1, ,, 1, ,, 1, ,, 1, ,, 1","-1000,-1000,-1000,-1000,-1000,-1000, 1000,1000,1000,10000,1000,10000",0.497,-100.88,sample1,Publication link,Experimental details,Other
model6,33,2,33.74,1.12,53,6.99384,"1, ,, 1, ,, 1, ,, 1, ,, 1, ,, 1","-1000,-1000,-1000,-1000,-1000,-1000, 1000,1000,1000,10000,1000,10000",0.14,-85.305,sample1,Publication link,Experimental details,Other
model6,12,19,23.39,18.07,8,12.39205,"1, ,, 1, ,, 1, ,, 1, ,, 1, ,, 1","-1000,-1000,-1000,-1000,-1000,-1000, 1000,1000,1000,10000,1000,10000",0.256,-119.075,sample1,Publication link,Experimental details,Other
model6,41,2,5.17,0.68,30,9.17344,"1, ,, 1, ,, 1, ,, 1, ,, 1, ,, 1","-1000,-1000,-1000,-1000,-1000,-1000, 1000,1000,1000,10000,1000,10000",0.284,-176.223,sample1,Publication link,Experimental details,Other
model6,21,15,12.43,2.5,6,18.27276,"1, ,, 1, ,, 1, ,, 1, ,, 1, ,, 1","-1000,-1000,-1000,-1000,-1000,-1000, 1000,1000,1000,10000,1000,10000",0.132,-138.571,sample1,Publication link,Experimental details,Other
model6,11,18,4.99,15.77,15,4.55986,"1, ,, 1, ,, 1, ,, 1, ,, 1, ,, 1","-1000,-1000,-1000,-1000,-1000,-1000, 1000,1000,1000,10000,1000,10000",0.468,-188.469,sample1,Publication link,Experimental details,Other
model6,44,8,16.78,1.69,51,14.25684,"1, ,, 1, ,, 1, ,, 1, ,, 1, ,, 1","-1000,-1000,-1000,-1000,-1000,-1000, 1000,1000,1000,10000,1000,10000",0.917,-96.605,sample1,Publication link,Experimental details,Other
model6,38,12,30.96,17.77,47,19.43713,"1, ,, 1, ,, 1, ,, 1, ,, 1, ,, 1","-1000,-1000,-1000,-1000,-1000,-1000, 1000,1000,1000,10000,1000,10000",0.672,-56.944,sample1,Publication link,Experimental details,Other
model6,29,15,19.01,18.01,16,4.33023,"1, ,, 1, ,, 1, ,, 1, ,, 1, ,, 1","-1000,-1000,-1000,-1000,-1000,-1000, 1000,1000,1000,10000,1000,10000",0.082,-80.712,sample1,Publication link,Experimental details,Other
model6,48,17,36.59,1.59,52,4.83736,"1, ,, 1, ,, 1, ,, 1, ,, 1, ,, 1","-1000,-1000,-1000,-1000,-1000,-1000, 1000,1000,1000,10000,1000,10000",0.015,-141.532,sample1,Publication link,Experimental details,Other
model6,41,2,34.22,19.04,33,14.18074,"1, ,, 1, ,, 1, ,, 1, ,, 1, ,, 1","-1000,-1000,-1000,-1000,-1000,-1000, 1000,1000,1000,10000,1000,10000",0.283,-112.356,sample1,Publication link,Experimental details,Other
model6,3,18,8.09,10.53,24,15.80392,"1, ,, 1, ,, 1, ,, 1, ,, 1, ,, 1","-1000,-1000,-1000,-1000,-1000,-1000, 1000,1000,1000,10000,1000,10000",0.369,-154.37,sample1,Publication link,Experimental details,Other
model6,28,13,9.23,0.51,58,10.32043,"1, ,, 1, ,, 1, ,, 1, ,, 1, ,, 1","-1000,-1000,-1000,-1000,-1000,-1000, 1000,1000,1000,10000,1000,10000",0.779,-118.843,sample1,Publication link,Experimental details,Other
model6,20,15,4.16,10.71,28,12.58404,"1, ,, 1, ,, 1, ,, 1, ,, 1, ,, 1","-1000,-1000,-1000,-1000,-1000,-1000, 1000,1000,1000,10000,1000,10000",0.967,-154.891,sample1,Publication link,Experimental details,Other
model6,26,1,13.95,7.92,7,5.04097,"1, ,, 1, ,, 1, ,, 1, ,, 1, ,, 1","-1000,-1000,-1000,-1000,-1000,-1000, 1000,1000,1000,10000,1000,10000",0.394,-89.251,sample1,Publication link,Experimental details,Other
model6,24,3,18.07,19.71,10,10.05567,"1, ,, 1, ,, 1, ,, 1, ,, 1, ,, 1","-1000,-1000,-1000,-1000,-1000,-1000, 1000,1000,1000,10000,1000,10000",0.69,-161.099,sample1,Publication link,Experimental details,Other
model6,47,15,5.32,5.58,57,3.12937,"1, ,, 1, ,, 1, ,, 1, ,, 1, ,, 1","-1000,-1000,-1000,-1000,-1000,-1000, 1000,1000,1000,10000,1000,10000",0.995,-55.397,sample1,Publication link,Experimental details,Other
model6,21,19,30.51,9.21,2,7.10702,"1, ,, 1, ,, 1, ,, 1, ,, 1, ,, 1","-1000,-1000,-1000,-1000,-1000,-1000, 1000,1000,1000,10000,1000,10000",0.748,-100.708,sample1,Publication link,Experimental details,Other
model6,30,12,36,2.35,12,6.41081,"1, ,, 1, ,, 1, ,, 1, ,, 1, ,, 1","-1000,-1000,-1000,-1000,-1000,-1000, 1000,1000,1000,10000,1000,10000",0.64,-189.683,sample1,Publication link,Experimental details,Other
model6,4,10,8.7,17.59,24,9.44788,"1, ,, 1, ,, 1, ,, 1, ,, 1, ,, 1","-1000,-1000,-1000,-1000,-1000,-1000, 1000,1000,1000,10000,1000,10000",0.087,-198.383,sample1,Publication link,Experimental details,Other
model6,36,15,17.76,1.23,7,18.6724,"1, ,, 1, ,, 1, ,, 1, ,, 1, ,, 1","-1000,-1000,-1000,-1000,-1000,-1000, 1000,1000,1000,10000,1000,10000",0.33,-50.443,sample1,Publication link,Experimental details,Other
model6,40,1,36.64,15.54,41,4.44409,"1, ,, 1, ,, 1, ,, 1, ,, 1, ,, 1","-1000,-1000,-1000,-1000,-1000,-1000, 1000,1000,1000,10000,1000,10000",0.914,-166.924,sample1,Publication link,Experimental details,Other
model6,10,13,33.5,5.93,37,8.62638,"1, ,, 1, ,, 1, ,, 1, ,, 1, ,, 1","-1000,-1000,-1000,-1000,-1000,-1000, 1000,1000,1000,10000,1000,10000",0.209,-153.116,sample1,Publication link,Experimental details,Other
model6,10,10,42.87,3.21,13,12.69635,"1, ,, 1, ,, 1, ,, 1, ,, 1, ,, 1","-1000,-1000,-1000,-1000,-1000,-1000, 1000,1000,1000,10000,1000,10000",0.845,-168.738,sample1,Publication link,Experimental details,Other
model6,42,19,28.18,14.18,36,18.98458,"1, ,, 1, ,, 1, ,, 1, ,, 1, ,, 1","-1000,-1000,-1000,-1000,-1000,-1000, 1000,1000,1000,10000,1000,10000",0.699,-60.785,sample1,Publication link,Experimental details,Other
model6,24,5,2.26,12.68,6,3.52982,"1, ,, 1, ,, 1, ,, 1, ,, 1, ,, 1","-1000,-1000,-1000,-1000,-1000,-1000, 1000,1000,1000,10000,1000,10000",0.373,-102.198,sample1,Publication link,Experimental details,Other
model6,4,8,3.81,1.19,59,18.43966,"1, ,, 1, ,, 1, ,, 1, ,, 1, ,, 1","-1000,-1000,-1000,-1000,-1000,-1000, 1000,1000,1000,10000,1000,10000",0.534,-124.342,sample1,Publication link,Experimental details,Other
model6,47,4,4.92,8.07,13,2.54002,"1, ,, 1, ,, 1, ,, 1, ,, 1, ,, 1","-1000,-1000,-1000,-1000,-1000,-1000, 1000,1000,1000,10000,1000,10000",0.547,-116.352,sample1,Publication link,Experimental details,Other
model6,27,17,26.34,11.34,19,10.13409,"1, ,, 1, ,, 1, ,, 1, ,, 1, ,, 1","-1000,-1000,-1000,-1000,-1000,-1000, 1000,1000,1000,10000,1000,10000",0.717,-152.319,sample1,Publication link,Experimental details,Other
model6,45,13,38,7.45,1,9.63721,"1, ,, 1, ,, 1, ,, 1, ,, 1, ,, 1","-1000,-1000,-1000,-1000,-1000,-1000, 1000,1000,1000,10000,1000,10000",0.521,-107.874,sample1,Publication link,Experimental details,Other
model6,4,6,2.58,12.82,2,4.98245,"1, ,, 1, ,, 1, ,, 1, ,, 1, ,, 1","-1000,-1000,-1000,-1000,-1000,-1000, 1000,1000,1000,10000,1000,10000",0.142,-137.06,sample1,Publication link,Experimental details,Other
model6,32,14,23.38,9.52,21,7.60173,"1, ,, 1, ,, 1, ,, 1, ,, 1, ,, 1","-1000,-1000,-1000,-1000,-1000,-1000, 1000,1000,1000,10000,1000,10000",0.776,-170.116,sample1,Publication link,Experimental details,Other
model6,10,17,41.42,13.1,14,9.62914,"1, ,, 1, ,, 1, ,, 1, ,, 1, ,, 1","-1000,-1000,-1000,-1000,-1000,-1000, 1000,1000,1000,10000,1000,10000",0.412,-101.509,sample1,Publication link,Experimental details,Other
model6,11,14,33.76,12.39,27,17.43902,"1, ,, 1, ,, 1, ,, 1, ,, 1, ,, 1","-1000,-1000,-1000,-1000,-1000,-1000, 1000,1000,1000,10000,1000,10000",0.963,-143.924,sample1,Publication link,Experimental details,Other
model6,28,19,27.75,4.42,49,19.14622,"1, ,, 1, ,, 1, ,, 1, ,, 1, ,, 1","-1000,-1000,-1000,-1000,-1000,-1000, 1000,1000,1000,10000,1000,10000",0.291,-82.24,sample1,Publication link,Experimental details,Other
model6,46,18,29.85,7.09,44,10.85959,"1, ,, 1, ,, 1, ,, 1, ,, 1, ,, 1","-1000,-1000,-1000,-1000,-1000,-1000, 1000,1000,1000,10000,1000,10000",0.27,-137.691,sample1,Publication link,Experimental details,Other
model6,8,8,44.93,6.41,22,17.5319,"1, ,, 1, ,, 1, ,, 1, ,, 1, ,, 1","-1000,-1000,-1000,-1000,-1000,-1000, 1000,1000,1000,10000,1000,10000",0.34,-123.759,sample1,Publication link,Experimental details,Other
model6,40,18,29.18,19.62,15,12.55526,"1, ,, 1, ,, 1, ,, 1, ,, 1, ,, 1","-1000,-1000,-1000,-1000,-1000,-1000, 1000,1000,1000,10000,1000,10000",0.577,-81.88,sample1,Publication link,Experimental details,Other
model6,22,15,21.67,5.26,14,7.63266,"1, ,, 1, ,, 1, ,, 1, ,, 1, ,, 1","-1000,-1000,-1000,-1000,-1000,-1000, 1000,1000,1000,10000,1000,10000",0.896,-132.818,sample1,Publication link,Experimental details,Other
model6,34,4,35.44,4.99,41,4.68969,"1, ,, 1, ,, 1, ,, 1, ,, 1, ,, 1","-1000,-1000,-1000,-1000,-1000,-1000, 1000,1000,1000,10000,1000,10000",0.185,-55.067,sample1,Publication link,Experimental details,Other
model6,45,11,18.5,1.62,4,8.84956,"1, ,, 1, ,, 1, ,, 1, ,, 1, ,, 1","-1000,-1000,-1000,-1000,-1000,-1000, 1000,1000,1000,10000,1000,10000",0.287,-81.046,sample1,Publication link,Experimental details,Other
model6,35,11,48.67,18.99,42,10.93366,"1, ,, 1, ,, 1, ,, 1, ,, 1, ,, 1","-1000,-1000,-1000,-1000,-1000,-1000, 1000,1000,1000,10000,1000,10000",0.586,-76.035,sample1,Publication link,Experimental details,Other
model6,35,2,43.74,9.78,18,1.84442,"1, ,, 1, ,, 1, ,, 1, ,, 1, ,, 1","-1000,-1000,-1000,-1000,-1000,-1000, 1000,1000,1000,10000,1000,10000",0.46,-56.912,sample1,Publication link,Experimental details,Other
model6,25,17,8.68,19.79,6,3.77098,"1, ,, 1, ,, 1, ,, 1, ,, 1, ,, 1","-1000,-1000,-1000,-1000,-1000,-1000, 1000,1000,1000,10000,1000,10000",0.453,-141.672,sample1,Publication link,Experimental details,Other
model6,34,11,34.52,15.12,27,12.4035,"1, ,, 1, ,, 1, ,, 1, ,, 1, ,, 1","-1000,-1000,-1000,-1000,-1000,-1000, 1000,1000,1000,10000,1000,10000",0.823,-112.988,sample1,Publication link,Experimental details,Other
model6,6,19,2.67,1.17,28,5.27503,"1, ,, 1, ,, 1, ,, 1, ,, 1, ,, 1","-1000,-1000,-1000,-1000,-1000,-1000, 1000,1000,1000,10000,1000,10000",0.925,-95.961,sample1,Publication link,Experimental details,Other
model6,41,17,44.38,16.01,44,16.9092,"1, ,, 1, ,, 1, ,, 1, ,, 1, ,, 1","-1000,-1000,-1000,-1000,-1000,-1000, 1000,1000,1000,10000,1000,10000",0.486,-98.981,sample1,Publication link,Experimental details,Other
model6,37,3,42.4,18.22,46,7.2119,"1, ,, 1, ,, 1, ,, 1, ,, 1, ,, 1","-1000,-1000,-1000,-1000,-1000,-1000, 1000,1000,1000,10000,1000,10000",0.69,-57.059,sample1,Publication link,Experimental details,Other
model6,1,7,26,14.85,42,2.99185,"1, ,, 1, ,, 1, ,, 1, ,, 1, ,, 1","-1000,-1000,-1000,-1000,-1000,-1000, 1000,1000,1000,10000,1000,10000",0.803,-156.748,sample1,Publication link,Experimental details,Other
model6,12,10,7.26,5.69,14,2.58708,"1, ,, 1, ,, 1, ,, 1, ,, 1, ,, 1","-1000,-1000,-1000,-1000,-1000,-1000, 1000,1000,1000,10000,1000,10000",0.523,-156.296,sample1,Publication link,Experimental details,Other
model6,35,3,31.45,3.34,46,18.80534,"1, ,, 1, ,, 1, ,, 1, ,, 1, ,, 1","-1000,-1000,-1000,-1000,-1000,-1000, 1000,1000,1000,10000,1000,10000",0.301,-62.299,sample1,Publication link,Experimental details,Other
model6,6,13,12.73,4.28,49,3.24239,"1, ,, 1, ,, 1, ,, 1, ,, 1, ,, 1","-1000,-1000,-1000,-1000,-1000,-1000, 1000,1000,1000,10000,1000,10000",0.642,-80.104,sample1,Publication link,Experimental details,Other
model6,17,10,31.91,19.86,57,3.67729,"1, ,, 1, ,, 1, ,, 1, ,, 1, ,, 1","-1000,-1000,-1000,-1000,-1000,-1000, 1000,1000,1000,10000,1000,10000",0.589,-169.497,sample1,Publication link,Experimental details,Other
model6,9,5,34.99,10.25,59,17.39066,"1, ,, 1, ,, 1, ,, 1, ,, 1, ,, 1","-1000,-1000,-1000,-1000,-1000,-1000, 1000,1000,1000,10000,1000,10000",0.903,-114.493,sample1,Publication link,Experimental details,Other
model6,2,5,6.21,19.93,18,5.83147,"1, ,, 1, ,, 1, ,, 1, ,, 1, ,, 1","-1000,-1000,-1000,-1000,-1000,-1000, 1000,1000,1000,10000,1000,10000",0.062,-88.135,sample1,Publication link,Experimental details,Other
model6,18,10,24.37,13.34,23,13.65308,"1, ,, 1, ,, 1, ,, 1, ,, 1, ,, 1","-1000,-1000,-1000,-1000,-1000,-1000, 1000,1000,1000,10000,1000,10000",0.911,-147.045,sample1,Publication link,Experimental details,Other
model6,49,11,29.69,18.64,32,16.51779,"1, ,, 1, ,, 1, ,, 1, ,, 1, ,, 1","-1000,-1000,-1000,-1000,-1000,-1000, 1000,1000,1000,10000,1000,10000",0.539,-134.843,sample1,Publication link,Experimental details,Other
model6,36,13,13.43,13.05,26,12.53643,"1, ,, 1, ,, 1, ,, 1, ,, 1, ,, 1","-1000,-1000,-1000,-1000,-1000,-1000, 1000,1000,1000,10000,1000,10000",0.026,-113.691,sample1,Publication link,Experimental details,Other
model6,28,9,10.85,5.31,29,19.19228,"1, ,, 1, ,, 1, ,, 1, ,, 1, ,, 1","-1000,-1000,-1000,-1000,-1000,-1000, 1000,1000,1000,10000,1000,10000",0.351,-129.934,sample1,Publication link,Experimental details,Other
model6,41,2,32.25,6.64,14,14.46878,"1, ,, 1, ,, 1, ,, 1, ,, 1, ,, 1","-1000,-1000,-1000,-1000,-1000,-1000, 1000,1000,1000,10000,1000,10000",0.727,-87.044,sample1,Publication link,Experimental details,Other
model6,37,6,38.28,18.11,8,3.14228,"1, ,, 1, ,, 1, ,, 1, ,, 1, ,, 1","-1000,-1000,-1000,-1000,-1000,-1000, 1000,1000,1000,10000,1000,10000",0.494,-199.109,sample1,Publication link,Experimental details,Other
model6,49,8,18.6,18.48,27,11.60979,"1, ,, 1, ,, 1, ,, 1, ,, 1, ,, 1","-1000,-1000,-1000,-1000,-1000,-1000, 1000,1000,1000,10000,1000,10000",0.98,-134.805,sample1,Publication link,Experimental details,Other
model6,26,1,35.74,12.94,18,14.64554,"1, ,, 1, ,, 1, ,, 1, ,, 1, ,, 1","-1000,-1000,-1000,-1000,-1000,-1000, 1000,1000,1000,10000,1000,10000",0.428,-149.363,sample1,Publication link,Experimental details,Other
model6,4,2,29.78,2.41,5,16.23719,"1, ,, 1, ,, 1, ,, 1, ,, 1, ,, 1","-1000,-1000,-1000,-1000,-1000,-1000, 1000,1000,1000,10000,1000,10000",0.333,-108.625,sample1,Publication link,Experimental details,Other
model6,40,4,40.67,5.59,44,1.50011,"1, ,, 1, ,, 1, ,, 1, ,, 1, ,, 1","-1000,-1000,-1000,-1000,-1000,-1000, 1000,1000,1000,10000,1000,10000",0.823,-83.606,sample1,Publication link,Experimental details,Other
model6,36,19,11,3.97,48,14.6587,"1, ,, 1, ,, 1, ,, 1, ,, 1, ,, 1","-1000,-1000,-1000,-1000,-1000,-1000, 1000,1000,1000,10000,1000,10000",0.552,-188.578,sample1,Publication link,Experimental details,Other
model6,31,19,40.02,12.59,31,16.68794,"1, ,, 1, ,, 1, ,, 1, ,, 1, ,, 1","-1000,-1000,-1000,-1000,-1000,-1000, 1000,1000,1000,10000,1000,10000",0.686,-176.291,sample1,Publication link,Experimental details,Other
model6,30,9,14.05,3.51,29,15.18984,"1, ,, 1, ,, 1, ,, 1, ,, 1, ,, 1","-1000,-1000,-1000,-1000,-1000,-1000, 1000,1000,1000,10000,1000,10000",0.808,-100.238,sample1,Publication link,Experimental details,Other
model6,34,19,15.61,9.1,58,10.73463,"1, ,, 1, ,, 1, ,, 1, ,, 1, ,, 1","-1000,-1000,-1000,-1000,-1000,-1000, 1000,1000,1000,10000,1000,10000",0.675,-89.24,sample1,Publication link,Experimental details,Other
model6,19,8,48.93,11.27,9,9.7024,"1, ,, 1, ,, 1, ,, 1, ,, 1, ,, 1","-1000,-1000,-1000,-1000,-1000,-1000, 1000,1000,1000,10000,1000,10000",0.428,-111.77,sample1,Publication link,Experimental details,Other
model6,18,11,3.25,4.94,59,11.43895,"1, ,, 1, ,, 1, ,, 1, ,, 1, ,, 1","-1000,-1000,-1000,-1000,-1000,-1000, 1000,1000,1000,10000,1000,10000",0.134,-52.579,sample1,Publication link,Experimental details,Other
model6,30,19,10.3,4.93,28,14.38823,"1, ,, 1, ,, 1, ,, 1, ,, 1, ,, 1","-1000,-1000,-1000,-1000,-1000,-1000, 1000,1000,1000,10000,1000,10000",0.584,-125.081,sample1,Publication link,Experimental details,Other
model6,21,4,26.52,5.71,7,18.53537,"1, ,, 1, ,, 1, ,, 1, ,, 1, ,, 1","-1000,-1000,-1000,-1000,-1000,-1000, 1000,1000,1000,10000,1000,10000",0.898,-179.556,sample1,Publication link,Experimental details,Other
model6,3,13,19.42,17.99,8,12.72367,"1, ,, 1, ,, 1, ,, 1, ,, 1, ,, 1","-1000,-1000,-1000,-1000,-1000,-1000, 1000,1000,1000,10000,1000,10000",0.425,-97.056,sample1,Publication link,Experimental details,Other
model6,6,14,12.86,11.51,54,17.86885,"1, ,, 1, ,, 1, ,, 1, ,, 1, ,, 1","-1000,-1000,-1000,-1000,-1000,-1000, 1000,1000,1000,10000,1000,10000",0.912,-109.689,sample1,Publication link,Experimental details,Other
model6,38,1,34.54,2.95,56,14.32388,"1, ,, 1, ,, 1, ,, 1, ,, 1, ,, 1","-1000,-1000,-1000,-1000,-1000,-1000, 1000,1000,1000,10000,1000,10000",0.508,-111.437,sample1,Publication link,Experimental details,Other
model6,13,11,33.79,4.5,57,2.29839,"1, ,, 1, ,, 1, ,, 1, ,, 1, ,, 1","-1000,-1000,-1000,-1000,-1000,-1000, 1000,1000,1000,10000,1000,10000",0.625,-118.122,sample1,Publication link,Experimental details,Other
model6,45,4,48.22,18.77,27,10.51574,"1, ,, 1, ,, 1, ,, 1, ,, 1, ,, 1","-1000,-1000,-1000,-1000,-1000,-1000, 1000,1000,1000,10000,1000,10000",0.835,-59.136,sample1,Publication link,Experimental details,Other
model6,3,7,44.05,7.78,12,6.44324,"1, ,, 1, ,, 1, ,, 1, ,, 1, ,, 1","-1000,-1000,-1000,-1000,-1000,-1000, 1000,1000,1000,10000,1000,10000",0.569,-180.627,sample1,Publication link,Experimental details,Other
model6,48,4,49.87,7.33,38,6.41832,"1, ,, 1, ,, 1, ,, 1, ,, 1, ,, 1","-1000,-1000,-1000,-1000,-1000,-1000, 1000,1000,1000,10000,1000,10000",0.1,-189.02,sample1,Publication link,Experimental details,Other
model6,28,7,18.78,9.66,30,7.76262,"1, ,, 1, ,, 1, ,, 1, ,, 1, ,, 1","-1000,-1000,-1000,-1000,-1000,-1000, 1000,1000,1000,10000,1000,10000",0.981,-176.882,sample1,Publication link,Experimental details,Other
model6,22,3,3.22,8.19,50,6.97992,"1, ,, 1, ,, 1, ,, 1, ,, 1, ,, 1","-1000,-1000,-1000,-1000,-1000,-1000, 1000,1000,1000,10000,1000,10000",0.253,-163.251,sample1,Publication link,Experimental details,Other
model6,40,19,16.94,7.1,21,11.99359,"1, ,, 1, ,, 1, ,, 1, ,, 1, ,, 1","-1000,-1000,-1000,-1000,-1000,-1000, 1000,1000,1000,10000,1000,10000",0.713,-111.058,sample1,Publication link,Experimental details,Other
model6,40,19,25.35,7.65,30,13.98843,"1, ,, 1, ,, 1, ,, 1, ,, 1, ,, 1","-1000,-1000,-1000,-1000,-1000,-1000, 1000,1000,1000,10000,1000,10000",0.51,-108.136,sample1,Publication link,Experimental details,Other
model6,12,7,9.44,17.4,56,6.10624,"1, ,, 1, ,, 1, ,, 1, ,, 1, ,, 1","-1000,-1000,-1000,-1000,-1000,-1000, 1000,1000,1000,10000,1000,10000",0.484,-165.11,sample1,Publication link,Experimental details,Other
model6,23,12,5.17,14.05,57,3.46549,"1, ,, 1, ,, 1, ,, 1, ,, 1, ,, 1","-1000,-1000,-1000,-1000,-1000,-1000, 1000,1000,1000,10000,1000,10000",0.252,-126.616,sample1,Publication link,Experimental details,Other
model6,31,1,23.18,0.85,56,2.11737,"1, ,, 1, ,, 1, ,, 1, ,, 1, ,, 1","-1000,-1000,-1000,-1000,-1000,-1000, 1000,1000,1000,10000,1000,10000",0.725,-127.691,sample1,Publication link,Experimental details,Other
model6,18,5,46.7,19.18,29,11.9393,"1, ,, 1, ,, 1, ,, 1, ,, 1, ,, 1","-1000,-1000,-1000,-1000,-1000,-1000, 1000,1000,1000,10000,1000,10000",0.122,-132.033,sample1,Publication link,Experimental details,Other
model6,7,14,38.4,16.56,24,4.53647,"1, ,, 1, ,, 1, ,, 1, ,, 1, ,, 1","-1000,-1000,-1000,-1000,-1000,-1000, 1000,1000,1000,10000,1000,10000",0.991,-79.468,sample1,Publication link,Experimental details,Other
model6,8,10,16.26,18.46,58,1.17571,"1, ,, 1, ,, 1, ,, 1, ,, 1, ,, 1","-1000,-1000,-1000,-1000,-1000,-1000, 1000,1000,1000,10000,1000,10000",0.847,-129.246,sample1,Publication link,Experimental details,Other
model6,19,3,44.54,5.19,10,18.62731,"1, ,, 1, ,, 1, ,, 1, ,, 1, ,, 1","-1000,-1000,-1000,-1000,-1000,-1000, 1000,1000,1000,10000,1000,10000",0.539,-86.245,sample1,Publication link,Experimental details,Other
model6,29,2,35.17,13.93,1,11.20567,"1, ,, 1, ,, 1, ,, 1, ,, 1, ,, 1","-1000,-1000,-1000,-1000,-1000,-1000, 1000,1000,1000,10000,1000,10000",0.43,-175.028,sample1,Publication link,Experimental details,Other
model6,44,13,23.7,19.55,39,2.75652,"1, ,, 1, ,, 1, ,, 1, ,, 1, ,, 1","-1000,-1000,-1000,-1000,-1000,-1000, 1000,1000,1000,10000,1000,10000",0.294,-120.205,sample1,Publication link,Experimental details,Other
model6,20,16,13.97,2.98,20,17.0155,"1, ,, 1, ,, 1, ,, 1, ,, 1, ,, 1","-1000,-1000,-1000,-1000,-1000,-1000, 1000,1000,1000,10000,1000,10000",0.507,-76.384,sample1,Publication link,Experimental details,Other
model6,42,2,29.2,15.06,8,19.68085,"1, ,, 1, ,, 1, ,, 1, ,, 1, ,, 1","-1000,-1000,-1000,-1000,-1000,-1000, 1000,1000,1000,10000,1000,10000",0.881,-173.343,sample1,Publication link,Experimental details,Other
model6,30,13,10.55,5.23,51,9.52341,"1, ,, 1, ,, 1, ,, 1, ,, 1, ,, 1","-1000,-1000,-1000,-1000,-1000,-1000, 1000,1000,1000,10000,1000,10000",0.282,-130.262,sample1,Publication link,Experimental details,Other
model6,47,6,37.32,10.45,39,1.8073,"1, ,, 1, ,, 1, ,, 1, ,, 1, ,, 1","-1000,-1000,-1000,-1000,-1000,-1000, 1000,1000,1000,10000,1000,10000",0.506,-108.638,sample1,Publication link,Experimental details,Other
model6,22,7,46.91,5.42,4,3.23337,"1, ,, 1, ,, 1, ,, 1, ,, 1, ,, 1","-1000,-1000,-1000,-1000,-1000,-1000, 1000,1000,1000,10000,1000,10000",0.242,-172.284,sample1,Publication link,Experimental details,Other
model6,10,2,33.3,13.16,31,8.25142,"1, ,, 1, ,, 1, ,, 1, ,, 1, ,, 1","-1000,-1000,-1000,-1000,-1000,-1000, 1000,1000,1000,10000,1000,10000",0.344,-86.485,sample1,Publication link,Experimental details,Other
model6,26,11,36.52,13.91,38,17.82493,"1, ,, 1, ,, 1, ,, 1, ,, 1, ,, 1","-1000,-1000,-1000,-1000,-1000,-1000, 1000,1000,1000,10000,1000,10000",0.198,-188.151,sample1,Publication link,Experimental details,Other
model6,33,7,9.06,1.33,57,3.81273,"1, ,, 1, ,, 1, ,, 1, ,, 1, ,, 1","-1000,-1000,-1000,-1000,-1000,-1000, 1000,1000,1000,10000,1000,10000",0.991,-58.038,sample1,Publication link,Experimental details,Other
model6,28,7,37.66,11.21,42,16.65581,"1, ,, 1, ,, 1, ,, 1, ,, 1, ,, 1","-1000,-1000,-1000,-1000,-1000,-1000, 1000,1000,1000,10000,1000,10000",0.576,-129.767,sample1,Publication link,Experimental details,Other
model6,10,7,25.37,13.04,6,1.28455,"1, ,, 1, ,, 1, ,, 1, ,, 1, ,, 1","-1000,-1000,-1000,-1000,-1000,-1000, 1000,1000,1000,10000,1000,10000",0.735,-149.582,sample1,Publication link,Experimental details,Other
model6,29,7,5.28,11.62,17,9.69039,"1, ,, 1, ,, 1, ,, 1, ,, 1, ,, 1","-1000,-1000,-1000,-1000,-1000,-1000, 1000,1000,1000,10000,1000,10000",0.107,-182.479,sample1,Publication link,Experimental details,Other
model6,44,12,19.94,5.84,27,13.24355,"1, ,, 1, ,, 1, ,, 1, ,, 1, ,, 1","-1000,-1000,-1000,-1000,-1000,-1000, 1000,1000,1000,10000,1000,10000",0.372,-135.111,sample1,Publication link,Experimental details,Musculoskeletal
model6,18,19,36.74,4.81,32,2.14721,"1, ,, 1, ,, 1, ,, 1, ,, 1, ,, 1","-1000,-1000,-1000,-1000,-1000,-1000, 1000,1000,1000,10000,1000,10000",0.894,-101.029,sample1,Publication link,Experimental details,Musculoskeletal
model6,42,19,29.33,3.49,7,12.68049,"1, ,, 1, ,, 1, ,, 1, ,, 1, ,, 1","-1000,-1000,-1000,-1000,-1000,-1000, 1000,1000,1000,10000,1000,10000",0.094,-185.827,sample1,Publication link,Experimental details,Musculoskeletal
model6,1,19,16.01,15.32,26,18.94368,"1, ,, 1, ,, 1, ,, 1, ,, 1, ,, 1","-1000,-1000,-1000,-1000,-1000,-1000, 1000,1000,1000,10000,1000,10000",0.174,-154.06,sample1,Publication link,Experimental details,Musculoskeletal
model6,23,3,49.45,15.96,12,4.04494,"1, ,, 1, ,, 1, ,, 1, ,, 1, ,, 1","-1000,-1000,-1000,-1000,-1000,-1000, 1000,1000,1000,10000,1000,10000",0.629,-74.597,sample1,Publication link,Experimental details,Musculoskeletal
model6,17,13,29.13,11.23,18,14.86262,"1, ,, 1, ,, 1, ,, 1, ,, 1, ,, 1","-1000,-1000,-1000,-1000,-1000,-1000, 1000,1000,1000,10000,1000,10000",0.627,-103.073,sample1,Publication link,Experimental details,option3
model6,43,10,47.3,10.88,32,12.57278,"1, ,, 1, ,, 1, ,, 1, ,, 1, ,, 1","-1000,-1000,-1000,-1000,-1000,-1000, 1000,1000,1000,10000,1000,10000",0.84,-169.044,sample1,Publication link,Experimental details,Vasculature
model6,37,9,28.43,7.54,32,4.51721,"1, ,, 1, ,, 1, ,, 1, ,, 1, ,, 1","-1000,-1000,-1000,-1000,-1000,-1000, 1000,1000,1000,10000,1000,10000",0.936,-175.864,sample1,Publication link,Experimental details,Vasculature
model6,31,6,28.67,1.98,21,1.11786,"1, ,, 1, ,, 1, ,, 1, ,, 1, ,, 1","-1000,-1000,-1000,-1000,-1000,-1000, 1000,1000,1000,10000,1000,10000",0.151,-64.327,sample1,Publication link,Experimental details,Vasculature
model6,25,12,3.51,19.69,27,1.1764,"1, ,, 1, ,, 1, ,, 1, ,, 1, ,, 1","-1000,-1000,-1000,-1000,-1000,-1000, 1000,1000,1000,10000,1000,10000",0.267,-156.947,sample1,Publication link,Experimental details,Vasculature
model6,4,2,6.1,17.46,40,11.10976,"1, ,, 1, ,, 1, ,, 1, ,, 1, ,, 1","-1000,-1000,-1000,-1000,-1000,-1000, 1000,1000,1000,10000,1000,10000",0.433,-173.075,sample1,Publication link,Experimental details,Vasculature
model6,9,12,31.11,4.51,54,18.91281,"1, ,, 1, ,, 1, ,, 1, ,, 1, ,, 1","-1000,-1000,-1000,-1000,-1000,-1000, 1000,1000,1000,10000,1000,10000",0.011,-50.005,sample1,Publication link,Experimental details,Vasculature
model6,28,16,36.85,8.78,51,13.24167,"1, ,, 1, ,, 1, ,, 1, ,, 1, ,, 1","-1000,-1000,-1000,-1000,-1000,-1000, 1000,1000,1000,10000,1000,10000",0.079,-153.621,sample1,Publication link,Experimental details,Vasculature
model6,30,13,12.96,13.22,11,14.5717,"1, ,, 1, ,, 1, ,, 1, ,, 1, ,, 1","-1000,-1000,-1000,-1000,-1000,-1000, 1000,1000,1000,10000,1000,10000",0.234,-181.289,sample1,Publication link,Experimental details,Vasculature
model6,47,16,48.23,11.28,39,10.38344,"1, ,, 1, ,, 1, ,, 1, ,, 1, ,, 1","-1000,-1000,-1000,-1000,-1000,-1000, 1000,1000,1000,10000,1000,10000",0.486,-130.736,sample1,Publication link,Experimental details,Vasculature
model6,24,13,37.32,5.4,5,12.05589,"1, ,, 1, ,, 1, ,, 1, ,, 1, ,, 1","-1000,-1000,-1000,-1000,-1000,-1000, 1000,1000,1000,10000,1000,10000",0.259,-134.848,sample1,Publication link,Experimental details,Vasculature
model6,33,19,12.66,6.82,40,3.40098,"1, ,, 1, ,, 1, ,, 1, ,, 1, ,, 1","-1000,-1000,-1000,-1000,-1000,-1000, 1000,1000,1000,10000,1000,10000",0.878,-60.98,sample1,Publication link,Experimental details,Vasculature
model6,20,14,32.58,15.87,16,17.65959,"1, ,, 1, ,, 1, ,, 1, ,, 1, ,, 1","-1000,-1000,-1000,-1000,-1000,-1000, 1000,1000,1000,10000,1000,10000",0.331,-179.869,sample1,Publication link,Experimental details,Vasculature
model6,9,13,17.65,3.67,14,15.45506,"1, ,, 1, ,, 1, ,, 1, ,, 1, ,, 1","-1000,-1000,-1000,-1000,-1000,-1000, 1000,1000,1000,10000,1000,10000",0.925,-186.33,sample1,Publication link,Experimental details,Vasculature
model6,8,10,36.65,2.09,36,19.96578,"1, ,, 1, ,, 1, ,, 1, ,, 1, ,, 1","-1000,-1000,-1000,-1000,-1000,-1000, 1000,1000,1000,10000,1000,10000",0.975,-186.053,sample1,Publication link,Experimental details,Vasculature
model6,24,7,29.65,10.51,39,6.65674,"1, ,, 1, ,, 1, ,, 1, ,, 1, ,, 1","-1000,-1000,-1000,-1000,-1000,-1000, 1000,1000,1000,10000,1000,10000",0.455,-64.357,sample1,Publication link,Experimental details,Vasculature
model6,14,5,38.08,4.82,12,5.31334,"1, ,, 1, ,, 1, ,, 1, ,, 1, ,, 1","-1000,-1000,-1000,-1000,-1000,-1000, 1000,1000,1000,10000,1000,10000",0.235,-132.595,sample1,Publication link,Experimental details,Vasculature
model6,18,17,13.32,5.03,40,3.37807,"1, ,, 1, ,, 1, ,, 1, ,, 1, ,, 1","-1000,-1000,-1000,-1000,-1000,-1000, 1000,1000,1000,10000,1000,10000",0.299,-177.409,sample1,Publication link,Experimental details,Vasculature
model6,1,9,46.68,10.76,12,19.31999,"1, ,, 1, ,, 1, ,, 1, ,, 1, ,, 1","-1000,-1000,-1000,-1000,-1000,-1000, 1000,1000,1000,10000,1000,10000",0.779,-110.925,sample1,Publication link,Experimental details,Vasculature
model6,12,6,49.66,10.22,49,15.83682,"1, ,, 1, ,, 1, ,, 1, ,, 1, ,, 1","-1000,-1000,-1000,-1000,-1000,-1000, 1000,1000,1000,10000,1000,10000",0.281,-119.356,sample1,Publication link,Experimental details,Vasculature
model6,29,16,9.06,18.6,55,4.16017,"1, ,, 1, ,, 1, ,, 1, ,, 1, ,, 1","-1000,-1000,-1000,-1000,-1000,-1000, 1000,1000,1000,10000,1000,10000",0.387,-170.239,sample1,Publication link,Experimental details,Vasculature
model6,37,6,26.13,10.32,37,11.50104,"1, ,, 1, ,, 1, ,, 1, ,, 1, ,, 1","-1000,-1000,-1000,-1000,-1000,-1000, 1000,1000,1000,10000,1000,10000",0.484,-109.544,sample1,Publication link,Experimental details,Vasculature
model6,26,6,43.31,4.33,19,8.8616,"1, ,, 1, ,, 1, ,, 1, ,, 1, ,, 1","-1000,-1000,-1000,-1000,-1000,-1000, 1000,1000,1000,10000,1000,10000",0.579,-148.965,sample1,Publication link,Experimental details,Vasculature
model6,33,18,18.04,1.03,12,3.87823,"1, ,, 1, ,, 1, ,, 1, ,, 1, ,, 1","-1000,-1000,-1000,-1000,-1000,-1000, 1000,1000,1000,10000,1000,10000",0.996,-164.244,sample1,Publication link,Experimental details,Vasculature
model6,43,1,12.89,2.14,52,4.07939,"1, ,, 1, ,, 1, ,, 1, ,, 1, ,, 1","-1000,-1000,-1000,-1000,-1000,-1000, 1000,1000,1000,10000,1000,10000",0.24,-123.44,sample1,Publication link,Experimental details,Vasculature
model6,15,17,36.82,8.69,35,19.30593,"1, ,, 1, ,, 1, ,, 1, ,, 1, ,, 1","-1000,-1000,-1000,-1000,-1000,-1000, 1000,1000,1000,10000,1000,10000",0.36,-156.253,sample1,Publication link,Experimental details,Vasculature
model6,23,17,48.9,10.58,59,6.79432,"1, ,, 1, ,, 1, ,, 1, ,, 1, ,, 1","-1000,-1000,-1000,-1000,-1000,-1000, 1000,1000,1000,10000,1000,10000",0.27,-166.679,sample1,Publication link,Experimental details,Vasculature
model6,29,1,25.68,13.11,17,18.88735,"1, ,, 1, ,, 1, ,, 1, ,, 1, ,, 1","-1000,-1000,-1000,-1000,-1000,-1000, 1000,1000,1000,10000,1000,10000",0.368,-68.042,sample1,Publication link,Experimental details,Vasculature
model6,21,11,20.23,9.69,29,2.4366,"1, ,, 1, ,, 1, ,, 1, ,, 1, ,, 1","-1000,-1000,-1000,-1000,-1000,-1000, 1000,1000,1000,10000,1000,10000",0.11,-176.636,sample1,Publication link,Experimental details,Vasculature
model6,19,13,20.2,13.33,10,9.75526,"1, ,, 1, ,, 1, ,, 1, ,, 1, ,, 1","-1000,-1000,-1000,-1000,-1000,-1000, 1000,1000,1000,10000,1000,10000",0.366,-157.912,sample1,Publication link,Experimental details,Vasculature
model6,5,1,39.93,0.51,38,3.46276,"1, ,, 1, ,, 1, ,, 1, ,, 1, ,, 1","-1000,-1000,-1000,-1000,-1000,-1000, 1000,1000,1000,10000,1000,10000",0.889,-142.079,sample1,Publication link,Experimental details,Vasculature
model6,23,8,35.6,0.79,9,1.09096,"1, ,, 1, ,, 1, ,, 1, ,, 1, ,, 1","-1000,-1000,-1000,-1000,-1000,-1000, 1000,1000,1000,10000,1000,10000",0.306,-158.954,sample1,Publication link,Experimental details,Vasculature
model6,36,6,16.63,16.15,18,11.52156,"1, ,, 1, ,, 1, ,, 1, ,, 1, ,, 1","-1000,-1000,-1000,-1000,-1000,-1000, 1000,1000,1000,10000,1000,10000",0.378,-168.393,sample1,Publication link,Experimental details,Biomaterial
model6,20,5,48.75,12.47,49,3.16399,"1, ,, 1, ,, 1, ,, 1, ,, 1, ,, 1","-1000,-1000,-1000,-1000,-1000,-1000, 1000,1000,1000,10000,1000,10000",0.945,-84.328,sample1,Publication link,Experimental details,Biomaterial
model6,8,5,44.69,15.24,45,14.71847,"1, ,, 1, ,, 1, ,, 1, ,, 1, ,, 1","-1000,-1000,-1000,-1000,-1000,-1000, 1000,1000,1000,10000,1000,10000",0.731,-150.648,sample1,Publication link,Experimental details,Biomaterial
model6,9,6,35.35,7.88,29,14.26421,"1, ,, 1, ,, 1, ,, 1, ,, 1, ,, 1","-1000,-1000,-1000,-1000,-1000,-1000, 1000,1000,1000,10000,1000,10000",0.522,-183.123,sample1,Publication link,Experimental details,Biomaterial
model6,14,13,22.6,12.22,26,4.35033,"1, ,, 1, ,, 1, ,, 1, ,, 1, ,, 1","-1000,-1000,-1000,-1000,-1000,-1000, 1000,1000,1000,10000,1000,10000",0.779,-118.866,sample1,Publication link,Experimental details,Biomaterial
model6,6,18,11.16,9.65,31,18.8931,"1, ,, 1, ,, 1, ,, 1, ,, 1, ,, 1","-1000,-1000,-1000,-1000,-1000,-1000, 1000,1000,1000,10000,1000,10000",0.132,-181.177,sample1,Publication link,Experimental details,Biomaterial
model6,1,13,33.58,14.64,38,14.69982,"1, ,, 1, ,, 1, ,, 1, ,, 1, ,, 1","-1000,-1000,-1000,-1000,-1000,-1000, 1000,1000,1000,10000,1000,10000",0.47,-146.372,sample1,Publication link,Experimental details,Biomaterial
model6,9,7,37.94,2.4,31,6.66144,"1, ,, 1, ,, 1, ,, 1, ,, 1, ,, 1","-1000,-1000,-1000,-1000,-1000,-1000, 1000,1000,1000,10000,1000,10000",0.127,-67.726,sample1,Publication link,Experimental details,Biomaterial
model6,16,8,30.6,2.79,58,14.47544,"1, ,, 1, ,, 1, ,, 1, ,, 1, ,, 1","-1000,-1000,-1000,-1000,-1000,-1000, 1000,1000,1000,10000,1000,10000",0.241,-144.626,sample1,Publication link,Experimental details,Biomaterial
model6,16,17,25.29,16.36,59,14.90668,"1, ,, 1, ,, 1, ,, 1, ,, 1, ,, 1","-1000,-1000,-1000,-1000,-1000,-1000, 1000,1000,1000,10000,1000,10000",0.15,-105.124,sample1,Publication link,Experimental details,Biomaterial
model6,12,1,6.78,2.55,19,7.5023,"1, ,, 1, ,, 1, ,, 1, ,, 1, ,, 1","-1000,-1000,-1000,-1000,-1000,-1000, 1000,1000,1000,10000,1000,10000",0.368,-122.806,sample1,Publication link,Experimental details,Biomaterial
model6,5,16,39.45,19.31,13,8.13618,"1, ,, 1, ,, 1, ,, 1, ,, 1, ,, 1","-1000,-1000,-1000,-1000,-1000,-1000, 1000,1000,1000,10000,1000,10000",0.388,-179.341,sample1,Publication link,Experimental details,Biomaterial
model6,40,11,25.09,14.4,2,7.82302,"1, ,, 1, ,, 1, ,, 1, ,, 1, ,, 1","-1000,-1000,-1000,-1000,-1000,-1000, 1000,1000,1000,10000,1000,10000",0.948,-102.64,sample1,Publication link,Experimental details,Biomaterial
model6,29,4,42.85,10.72,28,12.71575,"1, ,, 1, ,, 1, ,, 1, ,, 1, ,, 1","-1000,-1000,-1000,-1000,-1000,-1000, 1000,1000,1000,10000,1000,10000",0.271,-71.595,sample1,Publication link,Experimental details,Biomaterial
model6,46,4,7.61,17.78,11,18.10779,"1, ,, 1, ,, 1, ,, 1, ,, 1, ,, 1","-1000,-1000,-1000,-1000,-1000,-1000, 1000,1000,1000,10000,1000,10000",0.478,-186.018,sample1,Publication link,Experimental details,Biomaterial
model6,27,17,48.29,17.33,4,4.29067,"1, ,, 1, ,, 1, ,, 1, ,, 1, ,, 1","-1000,-1000,-1000,-1000,-1000,-1000, 1000,1000,1000,10000,1000,10000",0.813,-86.948,sample1,Publication link,Experimental details,Biomaterial
model6,11,17,25.07,15.62,17,17.62879,"1, ,, 1, ,, 1, ,, 1, ,, 1, ,, 1","-1000,-1000,-1000,-1000,-1000,-1000, 1000,1000,1000,10000,1000,10000",0.817,-96.468,sample1,Publication link,Experimental details,Biomaterial
model6,47,10,4.55,16.05,28,1.52541,"1, ,, 1, ,, 1, ,, 1, ,, 1, ,, 1","-1000,-1000,-1000,-1000,-1000,-1000, 1000,1000,1000,10000,1000,10000",0.753,-70.001,sample1,Publication link,Experimental details,Biomaterial
model6,28,6,14.73,15.74,7,13.54643,"1, ,, 1, ,, 1, ,, 1, ,, 1, ,, 1","-1000,-1000,-1000,-1000,-1000,-1000, 1000,1000,1000,10000,1000,10000",0.295,-184.386,sample1,Publication link,Experimental details,Biomaterial
model6,36,17,45.23,11.61,1,8.87434,"1, ,, 1, ,, 1, ,, 1, ,, 1, ,, 1","-1000,-1000,-1000,-1000,-1000,-1000, 1000,1000,1000,10000,1000,10000",0.5,-154.146,sample1,Publication link,Experimental details,Biomaterial
model6,42,18,17.37,14.67,8,16.03435,"1, ,, 1, ,, 1, ,, 1, ,, 1, ,, 1","-1000,-1000,-1000,-1000,-1000,-1000, 1000,1000,1000,10000,1000,10000",0.194,-95.856,sample1,Publication link,Experimental details,Biomaterial
model6,19,10,48.53,9.41,26,14.70276,"1, ,, 1, ,, 1, ,, 1, ,, 1, ,, 1","-1000,-1000,-1000,-1000,-1000,-1000, 1000,1000,1000,10000,1000,10000",0.197,-196.697,sample1,Publication link,Experimental details,Biomaterial
model6,35,13,22.76,16.14,4,10.12205,"1, ,, 1, ,, 1, ,, 1, ,, 1, ,, 1","-1000,-1000,-1000,-1000,-1000,-1000, 1000,1000,1000,10000,1000,10000",0.441,-89.889,sample1,Publication link,Experimental details,Biomaterial
model6,31,16,18.99,15,57,13.23342,"1, ,, 1, ,, 1, ,, 1, ,, 1, ,, 1","-1000,-1000,-1000,-1000,-1000,-1000, 1000,1000,1000,10000,1000,10000",0.741,-71.303,sample1,Publication link,Experimental details,Biomaterial
model6,44,7,39.7,17.39,53,10.53369,"1, ,, 1, ,, 1, ,, 1, ,, 1, ,, 1","-1000,-1000,-1000,-1000,-1000,-1000, 1000,1000,1000,10000,1000,10000",0.531,-132.004,sample1,Publication link,Experimental details,Biomaterial
model6,19,15,23.89,18.59,37,16.41885,"1, ,, 1, ,, 1, ,, 1, ,, 1, ,, 1","-1000,-1000,-1000,-1000,-1000,-1000, 1000,1000,1000,10000,1000,10000",0.888,-134.851,sample1,Publication link,Experimental details,Biomaterial
model6,46,2,4.7,0.77,45,10.0456,"1, ,, 1, ,, 1, ,, 1, ,, 1, ,, 1","-1000,-1000,-1000,-1000,-1000,-1000, 1000,1000,1000,10000,1000,10000",0.833,-158.23,sample1,Publication link,Experimental details,Biomaterial
model6,24,5,41.61,9.87,22,10.93996,"1, ,, 1, ,, 1, ,, 1, ,, 1, ,, 1","-1000,-1000,-1000,-1000,-1000,-1000, 1000,1000,1000,10000,1000,10000",0.041,-199.242,sample1,Publication link,Experimental details,Biomaterial
model6,2,17,39.73,18.38,50,5.75989,"1, ,, 1, ,, 1, ,, 1, ,, 1, ,, 1","-1000,-1000,-1000,-1000,-1000,-1000, 1000,1000,1000,10000,1000,10000",0.573,-172.054,sample1,Publication link,Experimental details,Biomaterial
model6,7,5,26.23,3.81,55,12.49582,"1, ,, 1, ,, 1, ,, 1, ,, 1, ,, 1","-1000,-1000,-1000,-1000,-1000,-1000, 1000,1000,1000,10000,1000,10000",0.613,-53.02,sample1,Publication link,Experimental details,Biomaterial
model6,43,8,1.47,1.26,9,6.75519,"1, ,, 1, ,, 1, ,, 1, ,, 1, ,, 1","-1000,-1000,-1000,-1000,-1000,-1000, 1000,1000,1000,10000,1000,10000",0.962,-69.907,sample1,Publication link,Experimental details,Biomaterial
model6,49,15,7.68,8.89,48,11.9684,"1, ,, 1, ,, 1, ,, 1, ,, 1, ,, 1","-1000,-1000,-1000,-1000,-1000,-1000, 1000,1000,1000,10000,1000,10000",0.033,-160.024,sample1,Publication link,Experimental details,Biomaterial
model6,31,8,35.89,8.91,39,4.22388,"1, ,, 1, ,, 1, ,, 1, ,, 1, ,, 1","-1000,-1000,-1000,-1000,-1000,-1000, 1000,1000,1000,10000,1000,10000",0.536,-55.438,sample1,Publication link,Experimental details,Biomaterial
model6,17,3,29.95,10.86,43,4.02991,"1, ,, 1, ,, 1, ,, 1, ,, 1, ,, 1","-1000,-1000,-1000,-1000,-1000,-1000, 1000,1000,1000,10000,1000,10000",0.213,-144.843,sample1,Publication link,Experimental details,Biomaterial
model6,27,17,35.3,9.68,34,8.92357,"1, ,, 1, ,, 1, ,, 1, ,, 1, ,, 1","-1000,-1000,-1000,-1000,-1000,-1000, 1000,1000,1000,10000,1000,10000",0.063,-155.362,sample1,Publication link,Experimental details,Biomaterial
model6,36,16,18.69,14.11,37,9.10957,"1, ,, 1, ,, 1, ,, 1, ,, 1, ,, 1","-1000,-1000,-1000,-1000,-1000,-1000, 1000,1000,1000,10000,1000,10000",0.592,-177.079,sample1,Publication link,Experimental details,Biomaterial
Ogden3,22.864,29.088,-22.854,28.876,-0.116,40.412,"1, ,, 1, ,, 1, ,, 1, ,, 1, ,, 1",unbounded,0.137,-858.665,Posterior red sample 5.csv,,,Vasculature
Ogden3,32.012,10.058,260.144,-0.559,-3.233,22.795,"1, ,, 1, ,, 1, ,, 1, ,, 1, ,, 1",unbounded,0.094,-588.991,Posterior red sample 3.csv,Link goes here,Experimental details and tissue region go here,Musculoskletal
Ogden3,-0.249,38.236,0,195.285,0.538,34.196,"1, ,, 1, ,, 1, ,, 1, ,, 1, ,, 1",unbounded,0.098,-1076.497,Posterior red white sample 4.csv,link,experimental details,Musculoskletal
Ogden3,7.169,18.327,-5.32,-9.349,-5.899,19.22,"1, ,, 1, ,, 1, ,, 1, ,, 1, ,, 1",unbounded,0.029,-1406.227,Posterior red white sample 2.csv,link,"experimental details, tissue type",Musculoskletal
Ogden3,65.664,41.361,-65.157,-20.933,-65.509,41.377,"1, ,, 1, ,, 1, ,, 1, ,, 1, ,, 1",unbounded,0.037,-1198.897,Posterior redwhite sample 1.csv,Link,experimental details,Musculoskletal
Ogden3,7.169,18.327,-5.32,-9.349,-5.899,19.22,"1, ,, 1, ,, 1, ,, 1, ,, 1, ,, 1",unbounded,0.029,-1406.227,Posterior red white sample 2.csv,link,experimental details,Musculoskletal
Ogden3,18.416,2.869,-18.22,2.872,-49.568,0.004,"1, ,, 1, ,, 1, ,, 1, ,, 1, ,, 1",unbounded,0.015,-2581.937,updated_file11.csv,link,new updated file 33,Other
Ogden3,18.416,2.869,-18.22,2.872,-49.568,0.004,"1, ,, 1, ,, 1, ,, 1, ,, 1, ,, 1",unbounded,0.015,-2581.937,updated_file11.csv,link,updated file 11,Other
Ogden3,11.86,2.343,-10.429,2.368,-1.49,1.975,"1, ,, 1, ,, 1, ,, 1, ,, 1, ,, 1",unbounded,0.012,-3505.562,updated_file12.csv,;link,updatedfile12_repear,Other
